image_path,class_id,true_class,pred_class,confidence,is_correct
/mnt/backups/andycw/M58/Real_all_nobg/M58-Encoder側走行機身/20240417131813.jpg,0,M58-Encoder側走行機身,M58-Encoder側走行機身,0.9993,True
/mnt/backups/andycw/M58/Real_all_nobg/M58-Encoder側走行機身/20240417131815.jpg,0,M58-Encoder側走行機身,M58-Encoder側走行機身,0.9994,True
/mnt/backups/andycw/M58/Real_all_nobg/M58-Encoder側走行機身/20240417131816.jpg,0,M58-Encoder側走行機身,M58-Encoder側走行機身,0.9986,True
/mnt/backups/andycw/M58/Real_all_nobg/M58-Encoder側走行機身/20240417131818.jpg,0,M58-Encoder側走行機身,M58-Encoder側走行機身,0.9959,True
/mnt/backups/andycw/M58/Real_all_nobg/M58-Encoder側走行機身/20240417131825.jpg,0,M58-Encoder側走行機身,M58-Encoder側走行機身,0.9990,True
/mnt/backups/andycw/M58/Real_all_nobg/M58-Encoder側走行機身/20240417131829.jpg,0,M58-Encoder側走行機身,M58-Encoder側走行機身,0.9990,True
/mnt/backups/andycw/M58/Real_all_nobg/M58-Encoder側走行機身/20240417131834.jpg,0,M58-Encoder側走行機身,M58-Encoder側走行機身,0.9994,True
/mnt/backups/andycw/M58/Real_all_nobg/M58-Encoder側走行機身/20240417131837.jpg,0,M58-Encoder側走行機身,M58-Encoder側走行機身,0.9997,True
/mnt/backups/andycw/M58/Real_all_nobg/M58-Encoder側走行機身/20240417131843.jpg,0,M58-Encoder側走行機身,M58-Encoder側走行機身,0.9995,True
/mnt/backups/andycw/M58/Real_all_nobg/M58-Encoder側走行機身/20240417131848.jpg,0,M58-Encoder側走行機身,M58-Encoder側走行機身,0.9967,True
/mnt/backups/andycw/M58/Real_all_nobg/M58-Encoder側走行機身/20240417131850.jpg,0,M58-Encoder側走行機身,M58-Encoder側走行機身,0.9931,True
/mnt/backups/andycw/M58/Real_all_nobg/M58-Encoder側走行機身/20240417131922.jpg,0,M58-Encoder側走行機身,M58-Encoder側走行機身,0.9517,True
/mnt/backups/andycw/M58/Real_all_nobg/M58-Encoder側走行機身/20240417131921.jpg,0,M58-Encoder側走行機身,M58-Encoder側走行機身,0.9904,True
/mnt/backups/andycw/M58/Real_all_nobg/M58-Encoder側走行機身/20240417132027.jpg,0,M58-Encoder側走行機身,M58-Encoder側走行機身,0.9972,True
/mnt/backups/andycw/M58/Real_all_nobg/M58-Encoder側走行機身/20240417132017.jpg,0,M58-Encoder側走行機身,M58-Encoder側走行機身,0.9936,True
/mnt/backups/andycw/M58/Real_all_nobg/M58-Encoder側走行機身/20240417132014.jpg,0,M58-Encoder側走行機身,M58-Encoder側走行機身,0.9983,True
/mnt/backups/andycw/M58/Real_all_nobg/M58-Encoder側走行機身/20240417131959.jpg,0,M58-Encoder側走行機身,M58-Encoder側走行機身,0.9996,True
/mnt/backups/andycw/M58/Real_all_nobg/M58-Encoder側走行機身/20240417131957.jpg,0,M58-Encoder側走行機身,M58-Encoder側走行機身,0.9994,True
/mnt/backups/andycw/M58/Real_all_nobg/M58-Encoder側走行機身/20240417132006.jpg,0,M58-Encoder側走行機身,M58-Encoder側走行機身,0.9998,True
/mnt/backups/andycw/M58/Real_all_nobg/M58-Encoder側走行機身/20240417132112.jpg,0,M58-Encoder側走行機身,M58-Encoder側走行機身,0.9997,True
/mnt/backups/andycw/M58/Real_all_nobg/M58-Encoder側走行機身/20240417132110.jpg,0,M58-Encoder側走行機身,M58-Encoder側走行機身,0.9996,True
/mnt/backups/andycw/M58/Real_all_nobg/M58-Encoder側走行機身/20240417132109.jpg,0,M58-Encoder側走行機身,M58-Encoder側走行機身,0.9997,True
/mnt/backups/andycw/M58/Real_all_nobg/M58-Encoder側走行機身/20240417132104.jpg,0,M58-Encoder側走行機身,M58-Encoder側走行機身,1.0000,True
/mnt/backups/andycw/M58/Real_all_nobg/M58-Encoder側走行機身/20240417132102.jpg,0,M58-Encoder側走行機身,M58-Encoder側走行機身,0.9998,True
/mnt/backups/andycw/M58/Real_all_nobg/M58-Encoder側走行機身/20240417131942.jpg,0,M58-Encoder側走行機身,M58-Encoder側走行機身,1.0000,True
/mnt/backups/andycw/M58/Real_all_nobg/M58-Encoder側走行機身/20240417131943.jpg,0,M58-Encoder側走行機身,M58-Encoder側走行機身,1.0000,True
/mnt/backups/andycw/M58/Real_all_nobg/M58-Encoder側走行機身/20240417131946.jpg,0,M58-Encoder側走行機身,M58-Encoder側走行機身,0.9906,True
/mnt/backups/andycw/M58/Real_all_nobg/M58-Encoder側走行機身/20240417131947.jpg,0,M58-Encoder側走行機身,M58-Encoder側走行機身,0.9847,True
/mnt/backups/andycw/M58/Real_all_nobg/M58-Encoder側走行機身/20240417131949.jpg,0,M58-Encoder側走行機身,M58-Encoder側走行機身,0.9982,True
/mnt/backups/andycw/M58/Real_all_nobg/M58-Encoder側走行機身/20240417131909.jpg,0,M58-Encoder側走行機身,M58-Encoder側走行機身,0.9997,True
/mnt/backups/andycw/M58/Real_all_nobg/M58-Encoder側走行機身/20240417131907.jpg,0,M58-Encoder側走行機身,M58-Encoder側走行機身,0.9994,True
/mnt/backups/andycw/M58/Real_all_nobg/M58-Encoder側走行機身/20240417131906.jpg,0,M58-Encoder側走行機身,M58-Encoder側走行機身,0.9995,True
/mnt/backups/andycw/M58/Real_all_nobg/M58-Encoder側走行機身/20240417132013.jpg,0,M58-Encoder側走行機身,M58-Encoder側走行機身,0.9998,True
/mnt/backups/andycw/M58/Real_all_nobg/M58-Encoder側走行機身/20240417132114.jpg,0,M58-Encoder側走行機身,M58-Encoder側走行機身,0.9976,True
/mnt/backups/andycw/M58/Real_all_nobg/M58-Encoder側走行機身/20240417132115.jpg,0,M58-Encoder側走行機身,M58-Encoder側走行機身,0.9996,True
/mnt/backups/andycw/M58/Real_all_nobg/M58-Encoder側走行機身/20240417132118.jpg,0,M58-Encoder側走行機身,M58-Encoder側走行機身,0.9997,True
/mnt/backups/andycw/M58/Real_all_nobg/M58-Encoder側走行機身/20240417132119.jpg,0,M58-Encoder側走行機身,M58-Encoder側走行機身,0.9996,True
/mnt/backups/andycw/M58/Real_all_nobg/M58-Encoder側走行機身/20240417131853.jpg,0,M58-Encoder側走行機身,M58-Encoder側走行機身,0.9329,True
/mnt/backups/andycw/M58/Real_all_nobg/M58-Encoder側走行機身/20240417131900.jpg,0,M58-Encoder側走行機身,M58-Encoder側走行機身,0.9991,True
/mnt/backups/andycw/M58/Real_all_nobg/M58-Encoder側走行機身/20240417131854.jpg,0,M58-Encoder側走行機身,M58-Encoder側走行機身,0.9879,True
/mnt/backups/andycw/M58/Real_all_nobg/M58-Encoder側走行機身/20240417131940.jpg,0,M58-Encoder側走行機身,M58-Encoder側走行機身,0.9999,True
/mnt/backups/andycw/M58/Real_all_nobg/M58-Encoder側走行機身/20240417131933.jpg,0,M58-Encoder側走行機身,M58-Encoder側走行機身,1.0000,True
/mnt/backups/andycw/M58/Real_all_nobg/M58-Encoder側走行機身/20240417131924.jpg,0,M58-Encoder側走行機身,M58-Encoder側走行機身,0.9943,True
/mnt/backups/andycw/M58/Real_all_nobg/M58-Encoder側走行機身/20240417132055.jpg,0,M58-Encoder側走行機身,M58-Encoder側走行機身,0.9688,True
/mnt/backups/andycw/M58/Real_all_nobg/M58-Encoder側走行機身/20240417132048.jpg,0,M58-Encoder側走行機身,M58-Encoder側走行機身,0.9932,True
/mnt/backups/andycw/M58/Real_all_nobg/M58-Encoder側走行機身/20240417132045.jpg,0,M58-Encoder側走行機身,M58-Encoder側走行機身,0.9841,True
/mnt/backups/andycw/M58/Real_all_nobg/M58-Encoder側走行機身/20240417132043.jpg,0,M58-Encoder側走行機身,M58-Encoder側走行機身,0.9909,True
/mnt/backups/andycw/M58/Real_all_nobg/M58-Encoder側走行機身/20240417132037.jpg,0,M58-Encoder側走行機身,M58-Encoder側走行機身,0.9787,True
/mnt/backups/andycw/M58/Real_all_nobg/M58-Encoder側走行機身/20240417132101.jpg,0,M58-Encoder側走行機身,M58-Encoder側走行機身,0.9999,True
/mnt/backups/andycw/M58/Real_all_nobg/M58-Encoder側走行機身/20240417132058.jpg,0,M58-Encoder側走行機身,M58-Encoder側走行機身,0.6974,True
/mnt/backups/andycw/M58/Real_all_nobg/M58-Encoder側走行機身/20240417132057.jpg,0,M58-Encoder側走行機身,M58-Encoder側走行機身,0.7217,True
/mnt/backups/andycw/M58/Real_all_nobg/M58-FORK定位固定片/20240516103754.jpg,1,M58-FORK定位固定片,M58-FORK定位固定片,0.6508,True
/mnt/backups/andycw/M58/Real_all_nobg/M58-FORK定位固定片/20240516103740.jpg,1,M58-FORK定位固定片,M58-毛刷連接板,0.9279,False
/mnt/backups/andycw/M58/Real_all_nobg/M58-FORK定位固定片/20240516103733.jpg,1,M58-FORK定位固定片,M58-毛刷連接板,0.9520,False
/mnt/backups/andycw/M58/Real_all_nobg/M58-FORK定位固定片/20240516103736.jpg,1,M58-FORK定位固定片,M58-毛刷連接板,0.9598,False
/mnt/backups/andycw/M58/Real_all_nobg/M58-FORK定位固定片/20240516103737.jpg,1,M58-FORK定位固定片,M58-毛刷連接板,0.9622,False
/mnt/backups/andycw/M58/Real_all_nobg/M58-FORK定位固定片/20240516103847.jpg,1,M58-FORK定位固定片,M58-毛刷連接板,0.6683,False
/mnt/backups/andycw/M58/Real_all_nobg/M58-FORK定位固定片/20240516103848.jpg,1,M58-FORK定位固定片,M58-毛刷連接板,0.9347,False
/mnt/backups/andycw/M58/Real_all_nobg/M58-FORK定位固定片/20240516103745.jpg,1,M58-FORK定位固定片,M58-FORK定位固定片,0.7763,True
/mnt/backups/andycw/M58/Real_all_nobg/M58-FORK定位固定片/20240516103800.jpg,1,M58-FORK定位固定片,M58-FORK定位固定片,0.4839,True
/mnt/backups/andycw/M58/Real_all_nobg/M58-FORK定位固定片/20240516103813.jpg,1,M58-FORK定位固定片,M58-毛刷連接板,0.3975,False
/mnt/backups/andycw/M58/Real_all_nobg/M58-FORK定位固定片/20240516103826.jpg,1,M58-FORK定位固定片,M58-電池固定架1,0.3407,False
/mnt/backups/andycw/M58/Real_all_nobg/M58-FORK定位固定片/20240516103831.jpg,1,M58-FORK定位固定片,M58-毛刷連接板,0.8722,False
/mnt/backups/andycw/M58/Real_all_nobg/M58-FORK定位固定片/20240516103839.jpg,1,M58-FORK定位固定片,M58-側邊導輪固定板,0.4489,False
/mnt/backups/andycw/M58/Real_all_nobg/M58-FORK定位固定片/20240516103759.jpg,1,M58-FORK定位固定片,M58-FORK定位固定片,0.5657,True
/mnt/backups/andycw/M58/Real_all_nobg/M58-FORK定位固定片/20240516103741.jpg,1,M58-FORK定位固定片,M58-毛刷連接板,0.8818,False
/mnt/backups/andycw/M58/Real_all_nobg/M58-FORK定位檢知片/20240516105202.jpg,2,M58-FORK定位檢知片,M58-擺臂部檢知管,0.3693,False
/mnt/backups/andycw/M58/Real_all_nobg/M58-FORK定位檢知片/20240516105206.jpg,2,M58-FORK定位檢知片,M58-擺臂部檢知管,0.2489,False
/mnt/backups/andycw/M58/Real_all_nobg/M58-FORK定位檢知片/20240516105207.jpg,2,M58-FORK定位檢知片,M58-擺臂部檢知管,0.2776,False
/mnt/backups/andycw/M58/Real_all_nobg/M58-FORK定位檢知片/20240516105212.jpg,2,M58-FORK定位檢知片,M58-乘載板,0.5141,False
/mnt/backups/andycw/M58/Real_all_nobg/M58-FORK定位檢知片/20240516105215.jpg,2,M58-FORK定位檢知片,M58-擺臂部馬達固定座,0.4483,False
/mnt/backups/andycw/M58/Real_all_nobg/M58-FORK定位檢知片/20240516105247.jpg,2,M58-FORK定位檢知片,M58-擺臂部檢知管,0.3828,False
/mnt/backups/andycw/M58/Real_all_nobg/M58-FORK定位檢知片/20240516105257.jpg,2,M58-FORK定位檢知片,M58-擺臂部馬達固定座,0.3039,False
/mnt/backups/andycw/M58/Real_all_nobg/M58-FORK定位檢知片/20240516105308.jpg,2,M58-FORK定位檢知片,M58-乘載板導條,0.3238,False
/mnt/backups/andycw/M58/Real_all_nobg/M58-FORK定位檢知片/20240516105313.jpg,2,M58-FORK定位檢知片,M58-毛刷連接板,0.4306,False
/mnt/backups/andycw/M58/Real_all_nobg/M58-FORK定位檢知片/20240516105317.jpg,2,M58-FORK定位檢知片,M58-擺臂部檢知管,0.2561,False
/mnt/backups/andycw/M58/Real_all_nobg/M58-FORK定位檢知片/20240516105321.jpg,2,M58-FORK定位檢知片,M58-擺臂部馬達固定座,0.2629,False
/mnt/backups/andycw/M58/Real_all_nobg/M58-FORK定位檢知片/20240516105342.jpg,2,M58-FORK定位檢知片,M58-擺臂部檢知管,0.3426,False
/mnt/backups/andycw/M58/Real_all_nobg/M58-FORK定位檢知片/20240516105347.jpg,2,M58-FORK定位檢知片,M58-擺臂部檢知管,0.3956,False
/mnt/backups/andycw/M58/Real_all_nobg/M58-FORK定位檢知片/20240516105349.jpg,2,M58-FORK定位檢知片,M58-乘載板,0.2771,False
/mnt/backups/andycw/M58/Real_all_nobg/M58-FORK定位檢知片/20240516105350.jpg,2,M58-FORK定位檢知片,M58-乘載板,0.2680,False
/mnt/backups/andycw/M58/Real_all_nobg/M58-FORK驅動軸心/20240416205058.jpg,3,M58-FORK驅動軸心,M58-拖鏈封蓋,0.6573,False
/mnt/backups/andycw/M58/Real_all_nobg/M58-FORK驅動軸心/20240416205059.jpg,3,M58-FORK驅動軸心,M58-乘載板導條,0.8607,False
/mnt/backups/andycw/M58/Real_all_nobg/M58-FORK驅動軸心/20240416205104.jpg,3,M58-FORK驅動軸心,M58-FORK驅動軸心,0.3028,True
/mnt/backups/andycw/M58/Real_all_nobg/M58-FORK驅動軸心/20240416205106.jpg,3,M58-FORK驅動軸心,M58-乘載板導條,0.3243,False
/mnt/backups/andycw/M58/Real_all_nobg/M58-FORK驅動軸心/20240416204853.jpg,3,M58-FORK驅動軸心,M58-拖鏈封蓋,0.5988,False
/mnt/backups/andycw/M58/Real_all_nobg/M58-FORK驅動軸心/20240416204901.jpg,3,M58-FORK驅動軸心,M58-FORK驅動軸心,0.4096,True
/mnt/backups/andycw/M58/Real_all_nobg/M58-FORK驅動軸心/20240416204903.jpg,3,M58-FORK驅動軸心,M58-FORK驅動軸心,0.9085,True
/mnt/backups/andycw/M58/Real_all_nobg/M58-FORK驅動軸心/20240416204918.jpg,3,M58-FORK驅動軸心,M58-封板支撐柱,0.5747,False
/mnt/backups/andycw/M58/Real_all_nobg/M58-FORK驅動軸心/20240416204920.jpg,3,M58-FORK驅動軸心,M58-封板支撐柱,0.7105,False
/mnt/backups/andycw/M58/Real_all_nobg/M58-FORK驅動軸心/20240416204927.jpg,3,M58-FORK驅動軸心,M58-皮帶支撐片,0.3160,False
/mnt/backups/andycw/M58/Real_all_nobg/M58-FORK驅動軸心/20240416204928.jpg,3,M58-FORK驅動軸心,M58-乘載板導條,0.3313,False
/mnt/backups/andycw/M58/Real_all_nobg/M58-FORK驅動軸心/20240416204929.jpg,3,M58-FORK驅動軸心,M58-乘載板導條,0.5930,False
/mnt/backups/andycw/M58/Real_all_nobg/M58-FORK驅動軸心/20240416204930.jpg,3,M58-FORK驅動軸心,M58-乘載板導條,0.5180,False
/mnt/backups/andycw/M58/Real_all_nobg/M58-FORK驅動軸心/20240416204937.jpg,3,M58-FORK驅動軸心,M58-導向輪軸心,0.7565,False
/mnt/backups/andycw/M58/Real_all_nobg/M58-FORK驅動軸心/20240416204942.jpg,3,M58-FORK驅動軸心,M58-Encoder側走行機身,0.4357,False
/mnt/backups/andycw/M58/Real_all_nobg/M58-FORK驅動軸心/20240416205056.jpg,3,M58-FORK驅動軸心,M58-FORK驅動軸心,0.4187,True
/mnt/backups/andycw/M58/Real_all_nobg/M58-FORK驅動軸心/20240416204841.jpg,3,M58-FORK驅動軸心,M58-拖鏈封蓋,0.3707,False
/mnt/backups/andycw/M58/Real_all_nobg/M58-FORK驅動軸心/20240416204843.jpg,3,M58-FORK驅動軸心,M58-拖鏈封蓋,0.9347,False
/mnt/backups/andycw/M58/Real_all_nobg/M58-FORK驅動軸心/20240416204844.jpg,3,M58-FORK驅動軸心,M58-拖鏈封蓋,0.7389,False
/mnt/backups/andycw/M58/Real_all_nobg/M58-FORK驅動軸心/20240416204851.jpg,3,M58-FORK驅動軸心,M58-FORK驅動軸心,0.6682,True
/mnt/backups/andycw/M58/Real_all_nobg/M58-FORK驅動軸心/20240416205020.jpg,3,M58-FORK驅動軸心,M58-拖鏈封蓋,0.4985,False
/mnt/backups/andycw/M58/Real_all_nobg/M58-FORK驅動軸心/20240416205021.jpg,3,M58-FORK驅動軸心,M58-拖鏈封蓋,0.2443,False
/mnt/backups/andycw/M58/Real_all_nobg/M58-FORK驅動軸心/20240416205023.jpg,3,M58-FORK驅動軸心,M58-拖鏈封蓋,0.6317,False
/mnt/backups/andycw/M58/Real_all_nobg/M58-FORK驅動軸心/20240416205027.jpg,3,M58-FORK驅動軸心,M58-FORK驅動軸心,0.3427,True
/mnt/backups/andycw/M58/Real_all_nobg/M58-FORK驅動軸心/20240416205028.jpg,3,M58-FORK驅動軸心,M58-FORK驅動軸心,0.3898,True
/mnt/backups/andycw/M58/Real_all_nobg/M58-FORK驅動軸心/20240416205030.jpg,3,M58-FORK驅動軸心,M58-擺臂部軸心,0.2791,False
/mnt/backups/andycw/M58/Real_all_nobg/M58-FORK驅動軸心/20240416205036.jpg,3,M58-FORK驅動軸心,M58-乘載板導條,0.9679,False
/mnt/backups/andycw/M58/Real_all_nobg/M58-FORK驅動軸心/20240416205038.jpg,3,M58-FORK驅動軸心,M58-乘載板導條,0.8248,False
/mnt/backups/andycw/M58/Real_all_nobg/M58-FORK驅動軸心/20240416205046.jpg,3,M58-FORK驅動軸心,M58-乘載板導條,0.8818,False
/mnt/backups/andycw/M58/Real_all_nobg/M58-FORK驅動軸心/20240416205048.jpg,3,M58-FORK驅動軸心,M58-乘載板導條,0.5867,False
/mnt/backups/andycw/M58/Real_all_nobg/M58-FORK驅動軸心/20240416205049.jpg,3,M58-FORK驅動軸心,M58-乘載板導條,0.5984,False
/mnt/backups/andycw/M58/Real_all_nobg/M58-FORK驅動軸心/20240416204950.jpg,3,M58-FORK驅動軸心,M58-Fork機身-1,0.5558,False
/mnt/backups/andycw/M58/Real_all_nobg/M58-FORK驅動軸心/20240416205001.jpg,3,M58-FORK驅動軸心,M58-拖鏈封蓋,0.4065,False
/mnt/backups/andycw/M58/Real_all_nobg/M58-FORK驅動軸心/20240416205009.jpg,3,M58-FORK驅動軸心,M58-FORK驅動軸心,0.7891,True
/mnt/backups/andycw/M58/Real_all_nobg/M58-FORK驅動軸心/20240416205010.jpg,3,M58-FORK驅動軸心,M58-拖鏈封蓋,0.8939,False
/mnt/backups/andycw/M58/Real_all_nobg/M58-FORK驅動軸心/20240416205013.jpg,3,M58-FORK驅動軸心,M58-拖鏈封蓋,0.7913,False
/mnt/backups/andycw/M58/Real_all_nobg/M58-Fork機身-1/20240417104507.jpg,4,M58-Fork機身-1,M58-封板支撐柱,0.8588,False
/mnt/backups/andycw/M58/Real_all_nobg/M58-Fork機身-1/20240417104508.jpg,4,M58-Fork機身-1,M58-Fork機身-1,0.4934,True
/mnt/backups/andycw/M58/Real_all_nobg/M58-Fork機身-1/20240417104510.jpg,4,M58-Fork機身-1,M58-Fork機身-1,0.5519,True
/mnt/backups/andycw/M58/Real_all_nobg/M58-Fork機身-1/20240417104511.jpg,4,M58-Fork機身-1,M58-Fork機身-1,0.7887,True
/mnt/backups/andycw/M58/Real_all_nobg/M58-Fork機身-1/20240417104523.jpg,4,M58-Fork機身-1,M58-煞車電阻盤,0.6103,False
/mnt/backups/andycw/M58/Real_all_nobg/M58-Fork機身-1/20240417104526.jpg,4,M58-Fork機身-1,M58-煞車電阻盤,0.6867,False
/mnt/backups/andycw/M58/Real_all_nobg/M58-Fork機身-1/20240417104535.jpg,4,M58-Fork機身-1,M58-煞車電阻盤,0.4885,False
/mnt/backups/andycw/M58/Real_all_nobg/M58-Fork機身-1/20240417104538.jpg,4,M58-Fork機身-1,M58-煞車電阻盤,0.6655,False
/mnt/backups/andycw/M58/Real_all_nobg/M58-Fork機身-1/20240417104548.jpg,4,M58-Fork機身-1,M58-煞車電阻盤,0.9738,False
/mnt/backups/andycw/M58/Real_all_nobg/M58-Fork機身-1/20240417104555.jpg,4,M58-Fork機身-1,M58-煞車電阻盤,0.7838,False
/mnt/backups/andycw/M58/Real_all_nobg/M58-Fork機身-1/20240417104606.jpg,4,M58-Fork機身-1,M58-皮帶支撐片,0.9866,False
/mnt/backups/andycw/M58/Real_all_nobg/M58-Fork機身-1/20240417104710.jpg,4,M58-Fork機身-1,M58-下方護蓋1(從動側),0.1794,False
/mnt/backups/andycw/M58/Real_all_nobg/M58-Fork機身-1/20240417104704.jpg,4,M58-Fork機身-1,M58-下方護蓋1(從動側),0.2571,False
/mnt/backups/andycw/M58/Real_all_nobg/M58-Fork機身-1/20240417104656.jpg,4,M58-Fork機身-1,M58-Fork機身-2,0.6822,False
/mnt/backups/andycw/M58/Real_all_nobg/M58-Fork機身-1/20240417104655.jpg,4,M58-Fork機身-1,M58-下方護蓋1(從動側),0.3660,False
/mnt/backups/andycw/M58/Real_all_nobg/M58-Fork機身-1/20240417104654.jpg,4,M58-Fork機身-1,M58-Fork機身-2,0.6156,False
/mnt/backups/andycw/M58/Real_all_nobg/M58-Fork機身-1/20240417104653.jpg,4,M58-Fork機身-1,M58-Fork機身-2,0.8186,False
/mnt/backups/andycw/M58/Real_all_nobg/M58-Fork機身-1/20240417104650.jpg,4,M58-Fork機身-1,M58-下方護蓋1(從動側),0.1844,False
/mnt/backups/andycw/M58/Real_all_nobg/M58-Fork機身-1/20240417104646.jpg,4,M58-Fork機身-1,M58-封板支撐柱,0.2638,False
/mnt/backups/andycw/M58/Real_all_nobg/M58-Fork機身-1/20240417104645.jpg,4,M58-Fork機身-1,M58-封板支撐柱,0.3223,False
/mnt/backups/andycw/M58/Real_all_nobg/M58-Fork機身-1/20240417104638.jpg,4,M58-Fork機身-1,M58-下封板,0.3245,False
/mnt/backups/andycw/M58/Real_all_nobg/M58-Fork機身-1/20240417104629.jpg,4,M58-Fork機身-1,M58-下封板,0.6179,False
/mnt/backups/andycw/M58/Real_all_nobg/M58-Fork機身-1/20240417104626.jpg,4,M58-Fork機身-1,M58-下封板,0.7873,False
/mnt/backups/andycw/M58/Real_all_nobg/M58-Fork機身-1/20240417104619.jpg,4,M58-Fork機身-1,M58-電池固定架2,0.3723,False
/mnt/backups/andycw/M58/Real_all_nobg/M58-Fork機身-1/20240417104618.jpg,4,M58-Fork機身-1,M58-皮帶支撐片,0.2745,False
/mnt/backups/andycw/M58/Real_all_nobg/M58-Fork機身-1/20240417104616.jpg,4,M58-Fork機身-1,M58-電池固定架2,0.2843,False
/mnt/backups/andycw/M58/Real_all_nobg/M58-Fork機身-1/20240417104608.jpg,4,M58-Fork機身-1,M58-皮帶支撐片,0.9865,False
/mnt/backups/andycw/M58/Real_all_nobg/M58-Fork機身-2/20240416195247.jpg,5,M58-Fork機身-2,M58-下方護蓋1(從動側),0.3311,False
/mnt/backups/andycw/M58/Real_all_nobg/M58-Fork機身-2/20240416195245.jpg,5,M58-Fork機身-2,M58-下方護蓋1(從動側),0.7250,False
/mnt/backups/andycw/M58/Real_all_nobg/M58-Fork機身-2/20240416195241.jpg,5,M58-Fork機身-2,M58-Fork機身-2,0.6998,True
/mnt/backups/andycw/M58/Real_all_nobg/M58-Fork機身-2/20240416195233.jpg,5,M58-Fork機身-2,M58-Fork機身-2,0.6619,True
/mnt/backups/andycw/M58/Real_all_nobg/M58-Fork機身-2/20240416195226.jpg,5,M58-Fork機身-2,M58-下封板,0.4510,False
/mnt/backups/andycw/M58/Real_all_nobg/M58-Fork機身-2/20240416195224.jpg,5,M58-Fork機身-2,M58-下方護蓋1(從動側),0.4734,False
/mnt/backups/andycw/M58/Real_all_nobg/M58-Fork機身-2/20240416195223.jpg,5,M58-Fork機身-2,M58-下封板,0.6983,False
/mnt/backups/andycw/M58/Real_all_nobg/M58-Fork機身-2/20240416195217.jpg,5,M58-Fork機身-2,M58-下方護蓋1(從動側),0.4111,False
/mnt/backups/andycw/M58/Real_all_nobg/M58-Fork機身-2/20240416195215.jpg,5,M58-Fork機身-2,M58-下方護蓋1(從動側),0.7291,False
/mnt/backups/andycw/M58/Real_all_nobg/M58-Fork機身-2/20240416195214.jpg,5,M58-Fork機身-2,M58-毛刷連接板,0.4795,False
/mnt/backups/andycw/M58/Real_all_nobg/M58-Fork機身-2/20240416195204.jpg,5,M58-Fork機身-2,M58-煞車電阻盤,0.9924,False
/mnt/backups/andycw/M58/Real_all_nobg/M58-Fork機身-2/20240416195203.jpg,5,M58-Fork機身-2,M58-煞車電阻盤,0.9342,False
/mnt/backups/andycw/M58/Real_all_nobg/M58-Fork機身-2/20240416195202.jpg,5,M58-Fork機身-2,M58-煞車電阻盤,0.7434,False
/mnt/backups/andycw/M58/Real_all_nobg/M58-Fork機身-2/20240416195201.jpg,5,M58-Fork機身-2,M58-煞車電阻盤,0.7324,False
/mnt/backups/andycw/M58/Real_all_nobg/M58-Fork機身-2/20240416195154.jpg,5,M58-Fork機身-2,M58-Fork機身-2,0.4731,True
/mnt/backups/andycw/M58/Real_all_nobg/M58-Fork機身-2/20240416195152.jpg,5,M58-Fork機身-2,M58-煞車電阻盤,0.3897,False
/mnt/backups/andycw/M58/Real_all_nobg/M58-Fork機身-2/20240416195356.jpg,5,M58-Fork機身-2,M58-皮帶支撐片,0.8290,False
/mnt/backups/andycw/M58/Real_all_nobg/M58-Fork機身-2/20240416195342.jpg,5,M58-Fork機身-2,M58-皮帶支撐片,0.8170,False
/mnt/backups/andycw/M58/Real_all_nobg/M58-Fork機身-2/20240416195340.jpg,5,M58-Fork機身-2,M58-皮帶支撐片,0.8932,False
/mnt/backups/andycw/M58/Real_all_nobg/M58-Fork機身-2/20240416195333.jpg,5,M58-Fork機身-2,M58-Fork機身-2,0.9728,True
/mnt/backups/andycw/M58/Real_all_nobg/M58-Fork機身-2/20240416195332.jpg,5,M58-Fork機身-2,M58-Fork機身-2,0.9665,True
/mnt/backups/andycw/M58/Real_all_nobg/M58-Fork機身-2/20240416195327.jpg,5,M58-Fork機身-2,M58-Fork機身-2,0.9020,True
/mnt/backups/andycw/M58/Real_all_nobg/M58-Fork機身-2/20240416195326.jpg,5,M58-Fork機身-2,M58-Fork機身-2,0.9444,True
/mnt/backups/andycw/M58/Real_all_nobg/M58-Fork機身-2/20240416195317.jpg,5,M58-Fork機身-2,M58-Fork機身-2,0.6356,True
/mnt/backups/andycw/M58/Real_all_nobg/M58-Fork機身-2/20240416195312.jpg,5,M58-Fork機身-2,M58-Fork機身-2,0.4715,True
/mnt/backups/andycw/M58/Real_all_nobg/M58-Fork機身-2/20240416195309.jpg,5,M58-Fork機身-2,M58-Fork機身-2,0.9596,True
/mnt/backups/andycw/M58/Real_all_nobg/M58-Fork機身-2/20240416195308.jpg,5,M58-Fork機身-2,M58-Fork機身-2,0.8689,True
/mnt/backups/andycw/M58/Real_all_nobg/M58-Fork機身-2/20240416195303.jpg,5,M58-Fork機身-2,M58-Fork機身-2,0.9826,True
/mnt/backups/andycw/M58/Real_all_nobg/M58-Fork機身-2/20240416195302.jpg,5,M58-Fork機身-2,M58-Fork機身-2,0.9681,True
/mnt/backups/andycw/M58/Real_all_nobg/M58-Fork機身-2/20240416195254.jpg,5,M58-Fork機身-2,M58-Fork機身-2,0.7561,True
/mnt/backups/andycw/M58/Real_all_nobg/M58-Fork機身-2/20240416195253.jpg,5,M58-Fork機身-2,M58-Fork機身-2,0.9319,True
/mnt/backups/andycw/M58/Real_all_nobg/M58-Fork機身-2/20240416195251.jpg,5,M58-Fork機身-2,M58-Fork機身-2,0.7818,True
/mnt/backups/andycw/M58/Real_all_nobg/M58-Fork機身-2/20240416195417.jpg,5,M58-Fork機身-2,M58-Fork機身-2,0.9957,True
/mnt/backups/andycw/M58/Real_all_nobg/M58-Fork機身-2/20240416195405.jpg,5,M58-Fork機身-2,M58-Fork機身-2,0.8523,True
/mnt/backups/andycw/M58/Real_all_nobg/M58-Fork機身-2/20240416195406.jpg,5,M58-Fork機身-2,M58-Fork機身-2,0.9858,True
/mnt/backups/andycw/M58/Real_all_nobg/M58-Fork機身-2/20240416195358.jpg,5,M58-Fork機身-2,M58-皮帶支撐片,0.6198,False
/mnt/backups/andycw/M58/Real_all_nobg/M58-Fork機身-2/20240416195414.jpg,5,M58-Fork機身-2,M58-下方護蓋1(從動側),0.4708,False
/mnt/backups/andycw/M58/Real_all_nobg/M58-Fork機身-2/20240416195408.jpg,5,M58-Fork機身-2,M58-下方護蓋1(從動側),0.8454,False
/mnt/backups/andycw/M58/Real_all_nobg/M58-Fork馬達固定板/20240717103720.jpg,6,M58-Fork馬達固定板,M58-電池固定架2,0.4537,False
/mnt/backups/andycw/M58/Real_all_nobg/M58-Fork馬達固定板/20240717103725.jpg,6,M58-Fork馬達固定板,M58-走行馬達固定座,0.5446,False
/mnt/backups/andycw/M58/Real_all_nobg/M58-Fork馬達固定板/20240717103726.jpg,6,M58-Fork馬達固定板,M58-擺臂部馬達固定座,0.6001,False
/mnt/backups/andycw/M58/Real_all_nobg/M58-Fork馬達固定板/20240717103303.jpg,6,M58-Fork馬達固定板,M58-擺臂部馬達固定座,0.7422,False
/mnt/backups/andycw/M58/Real_all_nobg/M58-Fork馬達固定板/20240717103323.jpg,6,M58-Fork馬達固定板,M58-電池固定架2,0.5559,False
/mnt/backups/andycw/M58/Real_all_nobg/M58-Fork馬達固定板/20240717103329.jpg,6,M58-Fork馬達固定板,M58-電池固定架2,0.6661,False
/mnt/backups/andycw/M58/Real_all_nobg/M58-Fork馬達固定板/20240717103340.jpg,6,M58-Fork馬達固定板,M58-側邊導輪固定板,0.4211,False
/mnt/backups/andycw/M58/Real_all_nobg/M58-Fork馬達固定板/20240717103314.jpg,6,M58-Fork馬達固定板,M58-側邊導輪固定板,0.3470,False
/mnt/backups/andycw/M58/Real_all_nobg/M58-Fork馬達固定板/20240717103258.jpg,6,M58-Fork馬達固定板,M58-擺臂部馬達固定座,0.7862,False
/mnt/backups/andycw/M58/Real_all_nobg/M58-Fork馬達固定板/20240717103302.jpg,6,M58-Fork馬達固定板,M58-擺臂部馬達固定座,0.8238,False
/mnt/backups/andycw/M58/Real_all_nobg/M58-Fork馬達固定板/20240717103758.jpg,6,M58-Fork馬達固定板,M58-Fork馬達固定板,0.5776,True
/mnt/backups/andycw/M58/Real_all_nobg/M58-Fork馬達固定板/20240717103757.jpg,6,M58-Fork馬達固定板,M58-電池固定架2,0.4105,False
/mnt/backups/andycw/M58/Real_all_nobg/M58-Fork馬達固定板/20240717103754.jpg,6,M58-Fork馬達固定板,M58-側邊導輪固定板,0.4244,False
/mnt/backups/andycw/M58/Real_all_nobg/M58-Fork馬達固定板/20240717103730.jpg,6,M58-Fork馬達固定板,M58-走行馬達固定座,0.5582,False
/mnt/backups/andycw/M58/Real_all_nobg/M58-Fork馬達固定板/20240717103749.jpg,6,M58-Fork馬達固定板,M58-Fork馬達固定板,0.8161,True
/mnt/backups/andycw/M58/Real_all_nobg/M58-Fork馬達固定板/20240717103736.jpg,6,M58-Fork馬達固定板,M58-電池固定架2,0.4410,False
/mnt/backups/andycw/M58/Real_all_nobg/M58-Fork馬達固定板/20240717103737.jpg,6,M58-Fork馬達固定板,M58-從動側走行機身,0.3677,False
/mnt/backups/andycw/M58/Real_all_nobg/M58-Fork馬達固定板/20240717103744.jpg,6,M58-Fork馬達固定板,M58-走行馬達固定座,0.6234,False
/mnt/backups/andycw/M58/Real_all_nobg/M58-Fork馬達固定板/20240717103806.jpg,6,M58-Fork馬達固定板,M58-側邊導輪固定板,0.6494,False
/mnt/backups/andycw/M58/Real_all_nobg/M58-Fork馬達固定板/20240717103805.jpg,6,M58-Fork馬達固定板,M58-側邊導輪固定板,0.6326,False
/mnt/backups/andycw/M58/Real_all_nobg/M58-Fork馬達固定板/20240717103803.jpg,6,M58-Fork馬達固定板,M58-電池固定架2,0.3951,False
/mnt/backups/andycw/M58/Real_all_nobg/M58-Fork馬達固定板/20240717103802.jpg,6,M58-Fork馬達固定板,M58-Encoder側走行機身,0.7777,False
/mnt/backups/andycw/M58/Real_all_nobg/M58-Fork馬達固定板/20240717103811.jpg,6,M58-Fork馬達固定板,M58-側邊導輪固定板,0.4319,False
/mnt/backups/andycw/M58/Real_all_nobg/M58-Fork馬達固定板/20240717103353.jpg,6,M58-Fork馬達固定板,M58-擺臂部馬達固定座,0.5175,False
/mnt/backups/andycw/M58/Real_all_nobg/M58-Fork馬達固定板/20240717103354.jpg,6,M58-Fork馬達固定板,M58-走行馬達固定座,0.5961,False
/mnt/backups/andycw/M58/Real_all_nobg/M58-Fork馬達固定板/20240717103359.jpg,6,M58-Fork馬達固定板,M58-走行馬達固定座,0.5487,False
/mnt/backups/andycw/M58/Real_all_nobg/M58-Fork馬達固定板/20240717103400.jpg,6,M58-Fork馬達固定板,M58-走行馬達固定座,0.4323,False
/mnt/backups/andycw/M58/Real_all_nobg/M58-Fork馬達固定板/20240717103424.jpg,6,M58-Fork馬達固定板,M58-擺臂部馬達固定座,0.9027,False
/mnt/backups/andycw/M58/Real_all_nobg/M58-Fork馬達固定板/20240717103425.jpg,6,M58-Fork馬達固定板,M58-擺臂部馬達固定座,0.6345,False
/mnt/backups/andycw/M58/Real_all_nobg/M58-Fork馬達固定板/20240717103430.jpg,6,M58-Fork馬達固定板,M58-側邊導輪固定板,0.2887,False
/mnt/backups/andycw/M58/Real_all_nobg/M58-Fork馬達固定板/20240717103622.jpg,6,M58-Fork馬達固定板,M58-電池固定架2,0.9264,False
/mnt/backups/andycw/M58/Real_all_nobg/M58-Fork馬達固定板/20240717103623.jpg,6,M58-Fork馬達固定板,M58-電池固定架2,0.8068,False
/mnt/backups/andycw/M58/Real_all_nobg/M58-Fork馬達固定板/20240717103631.jpg,6,M58-Fork馬達固定板,M58-電池固定架2,0.8969,False
/mnt/backups/andycw/M58/Real_all_nobg/M58-Fork馬達固定板/20240717103632.jpg,6,M58-Fork馬達固定板,M58-電池固定架2,0.6473,False
/mnt/backups/andycw/M58/Real_all_nobg/M58-Fork馬達固定板/20240717103644.jpg,6,M58-Fork馬達固定板,M58-擺臂部馬達固定座,0.5215,False
/mnt/backups/andycw/M58/Real_all_nobg/M58-Fork馬達固定板/20240717103655.jpg,6,M58-Fork馬達固定板,M58-Fork馬達固定板,0.9899,True
/mnt/backups/andycw/M58/Real_all_nobg/M58-Fork馬達固定板/20240717103656.jpg,6,M58-Fork馬達固定板,M58-Fork馬達固定板,0.9978,True
/mnt/backups/andycw/M58/Real_all_nobg/M58-Fork馬達固定板/20240717103703.jpg,6,M58-Fork馬達固定板,M58-電池固定架2,0.6854,False
/mnt/backups/andycw/M58/Real_all_nobg/M58-Fork馬達固定板/20240717103713.jpg,6,M58-Fork馬達固定板,M58-Fork馬達固定板,0.4804,True
/mnt/backups/andycw/M58/Real_all_nobg/M58-下封板/20240717104335.jpg,7,M58-下封板,M58-下封板,0.9066,True
/mnt/backups/andycw/M58/Real_all_nobg/M58-下封板/20240717104324.jpg,7,M58-下封板,M58-乘載板,0.1945,False
/mnt/backups/andycw/M58/Real_all_nobg/M58-下封板/20240717104153.jpg,7,M58-下封板,M58-下封板,0.4943,True
/mnt/backups/andycw/M58/Real_all_nobg/M58-下封板/20240717104149.jpg,7,M58-下封板,M58-加熱器固定板,0.4264,False
/mnt/backups/andycw/M58/Real_all_nobg/M58-下封板/20240717104134.jpg,7,M58-下封板,M58-從動側FORK機身,0.8231,False
/mnt/backups/andycw/M58/Real_all_nobg/M58-下封板/20240717104130.jpg,7,M58-下封板,M58-下封板,0.9458,True
/mnt/backups/andycw/M58/Real_all_nobg/M58-下封板/20240717104144.jpg,7,M58-下封板,M58-下封板,0.5387,True
/mnt/backups/andycw/M58/Real_all_nobg/M58-下封板/20240717104140.jpg,7,M58-下封板,M58-下封板,0.5538,True
/mnt/backups/andycw/M58/Real_all_nobg/M58-下封板/20240717104118.jpg,7,M58-下封板,M58-下封板,0.8969,True
/mnt/backups/andycw/M58/Real_all_nobg/M58-下封板/20240717104108.jpg,7,M58-下封板,M58-下封板,0.9861,True
/mnt/backups/andycw/M58/Real_all_nobg/M58-下封板/20240717104103.jpg,7,M58-下封板,M58-下封板,0.9645,True
/mnt/backups/andycw/M58/Real_all_nobg/M58-下封板/20240717104057.jpg,7,M58-下封板,M58-下封板,0.8854,True
/mnt/backups/andycw/M58/Real_all_nobg/M58-下封板/20240717104051.jpg,7,M58-下封板,M58-下封板,0.8977,True
/mnt/backups/andycw/M58/Real_all_nobg/M58-下封板/20240717104046.jpg,7,M58-下封板,M58-從動側FORK機身,0.7725,False
/mnt/backups/andycw/M58/Real_all_nobg/M58-下封板/20240717104129.jpg,7,M58-下封板,M58-下封板,0.9745,True
/mnt/backups/andycw/M58/Real_all_nobg/M58-下封板/20240717104126.jpg,7,M58-下封板,M58-下封板,0.9708,True
/mnt/backups/andycw/M58/Real_all_nobg/M58-下封板/20240717104331.jpg,7,M58-下封板,M58-從動側FORK機身,0.6475,False
/mnt/backups/andycw/M58/Real_all_nobg/M58-下封板/20240717104218.jpg,7,M58-下封板,M58-從動側FORK機身,0.7780,False
/mnt/backups/andycw/M58/Real_all_nobg/M58-下封板/20240717104318.jpg,7,M58-下封板,M58-驅動側外殼,0.3686,False
/mnt/backups/andycw/M58/Real_all_nobg/M58-下封板/20240717104257.jpg,7,M58-下封板,M58-走行從動輪固定座,0.3279,False
/mnt/backups/andycw/M58/Real_all_nobg/M58-下封板/20240717104246.jpg,7,M58-下封板,M58-從動側FORK機身,0.9523,False
/mnt/backups/andycw/M58/Real_all_nobg/M58-下封板/20240717104245.jpg,7,M58-下封板,M58-從動側FORK機身,0.9076,False
/mnt/backups/andycw/M58/Real_all_nobg/M58-下封板/20240717104237.jpg,7,M58-下封板,M58-從動側FORK機身,0.8842,False
/mnt/backups/andycw/M58/Real_all_nobg/M58-下封板/20240717104231.jpg,7,M58-下封板,M58-從動側FORK機身,0.7648,False
/mnt/backups/andycw/M58/Real_all_nobg/M58-下封板/20240717104228.jpg,7,M58-下封板,M58-從動側FORK機身,0.8861,False
/mnt/backups/andycw/M58/Real_all_nobg/M58-下封板/20240717104200.jpg,7,M58-下封板,M58-下方護蓋1(從動側),0.7589,False
/mnt/backups/andycw/M58/Real_all_nobg/M58-下封板/20240717104216.jpg,7,M58-下封板,M58-從動側FORK機身,0.5450,False
/mnt/backups/andycw/M58/Real_all_nobg/M58-下封板/20240717104215.jpg,7,M58-下封板,M58-從動側FORK機身,0.7142,False
/mnt/backups/andycw/M58/Real_all_nobg/M58-下封板/20240717104208.jpg,7,M58-下封板,M58-下方護蓋1(從動側),0.8722,False
/mnt/backups/andycw/M58/Real_all_nobg/M58-下封板/20240717104156.jpg,7,M58-下封板,M58-下方護蓋1(從動側),0.6286,False
/mnt/backups/andycw/M58/Real_all_nobg/M58-下封板/20240717104157.jpg,7,M58-下封板,M58-下方護蓋1(從動側),0.6419,False
/mnt/backups/andycw/M58/Real_all_nobg/M58-下方護蓋1(從動側)/20240417134309.jpg,8,M58-下方護蓋1(從動側),M58-乘載板,0.6901,False
/mnt/backups/andycw/M58/Real_all_nobg/M58-下方護蓋1(從動側)/20240417134419.jpg,8,M58-下方護蓋1(從動側),M58-下方護蓋1(從動側),0.7532,True
/mnt/backups/andycw/M58/Real_all_nobg/M58-下方護蓋1(從動側)/20240417134416.jpg,8,M58-下方護蓋1(從動側),M58-下方護蓋1(從動側),0.4658,True
/mnt/backups/andycw/M58/Real_all_nobg/M58-下方護蓋1(從動側)/20240417134256.jpg,8,M58-下方護蓋1(從動側),M58-從動側FORK機身,0.4734,False
/mnt/backups/andycw/M58/Real_all_nobg/M58-下方護蓋1(從動側)/20240417134306.jpg,8,M58-下方護蓋1(從動側),M58-乘載板,0.9147,False
/mnt/backups/andycw/M58/Real_all_nobg/M58-下方護蓋1(從動側)/20240417134239.jpg,8,M58-下方護蓋1(從動側),M58-FORK定位固定片,0.6780,False
/mnt/backups/andycw/M58/Real_all_nobg/M58-下方護蓋1(從動側)/20240417134229.jpg,8,M58-下方護蓋1(從動側),M58-下方護蓋1(從動側),0.8457,True
/mnt/backups/andycw/M58/Real_all_nobg/M58-下方護蓋1(從動側)/20240417134227.jpg,8,M58-下方護蓋1(從動側),M58-下方護蓋1(從動側),0.9068,True
/mnt/backups/andycw/M58/Real_all_nobg/M58-下方護蓋1(從動側)/20240417134254.jpg,8,M58-下方護蓋1(從動側),M58-從動側FORK機身,0.5641,False
/mnt/backups/andycw/M58/Real_all_nobg/M58-下方護蓋1(從動側)/20240417134226.jpg,8,M58-下方護蓋1(從動側),M58-下方護蓋1(從動側),0.8149,True
/mnt/backups/andycw/M58/Real_all_nobg/M58-下方護蓋1(從動側)/20240417134216.jpg,8,M58-下方護蓋1(從動側),M58-下方護蓋1(從動側),0.9930,True
/mnt/backups/andycw/M58/Real_all_nobg/M58-下方護蓋1(從動側)/20240417134211.jpg,8,M58-下方護蓋1(從動側),M58-下方護蓋1(從動側),0.8164,True
/mnt/backups/andycw/M58/Real_all_nobg/M58-下方護蓋1(從動側)/20240417134215.jpg,8,M58-下方護蓋1(從動側),M58-下方護蓋1(從動側),0.9957,True
/mnt/backups/andycw/M58/Real_all_nobg/M58-下方護蓋1(從動側)/20240417134207.jpg,8,M58-下方護蓋1(從動側),M58-下方護蓋1(從動側),0.9926,True
/mnt/backups/andycw/M58/Real_all_nobg/M58-下方護蓋1(從動側)/20240417134154.jpg,8,M58-下方護蓋1(從動側),M58-皮帶拖板,0.2530,False
/mnt/backups/andycw/M58/Real_all_nobg/M58-下方護蓋1(從動側)/20240417134146.jpg,8,M58-下方護蓋1(從動側),M58-電池固定架1,0.6886,False
/mnt/backups/andycw/M58/Real_all_nobg/M58-下方護蓋1(從動側)/20240417134130.jpg,8,M58-下方護蓋1(從動側),M58-Fork機身-1,0.8742,False
/mnt/backups/andycw/M58/Real_all_nobg/M58-下方護蓋1(從動側)/20240417134336.jpg,8,M58-下方護蓋1(從動側),M58-FORK定位固定片,0.8121,False
/mnt/backups/andycw/M58/Real_all_nobg/M58-下方護蓋1(從動側)/20240417134355.jpg,8,M58-下方護蓋1(從動側),M58-Fork機身-1,0.6861,False
/mnt/backups/andycw/M58/Real_all_nobg/M58-下方護蓋1(從動側)/20240417134409.jpg,8,M58-下方護蓋1(從動側),M58-下方護蓋1(從動側),0.8180,True
/mnt/backups/andycw/M58/Real_all_nobg/M58-下方護蓋1(從動側)/20240417134408.jpg,8,M58-下方護蓋1(從動側),M58-下方護蓋1(從動側),0.8591,True
/mnt/backups/andycw/M58/Real_all_nobg/M58-下方護蓋1(從動側)/20240417134359.jpg,8,M58-下方護蓋1(從動側),M58-Fork機身-2,0.5637,False
/mnt/backups/andycw/M58/Real_all_nobg/M58-下方護蓋1(從動側)/20240417134406.jpg,8,M58-下方護蓋1(從動側),M58-下方護蓋1(從動側),0.9276,True
/mnt/backups/andycw/M58/Real_all_nobg/M58-下方護蓋1(從動側)/20240417134358.jpg,8,M58-下方護蓋1(從動側),M58-Fork機身-2,0.5168,False
/mnt/backups/andycw/M58/Real_all_nobg/M58-下方護蓋1(從動側)/20240417134356.jpg,8,M58-下方護蓋1(從動側),M58-Fork機身-1,0.5719,False
/mnt/backups/andycw/M58/Real_all_nobg/M58-下方護蓋1(從動側)/20240417134320.jpg,8,M58-下方護蓋1(從動側),M58-下方護蓋1(從動側),0.5794,True
/mnt/backups/andycw/M58/Real_all_nobg/M58-下方護蓋1(從動側)/20240417134333.jpg,8,M58-下方護蓋1(從動側),M58-FORK定位固定片,0.7600,False
/mnt/backups/andycw/M58/Real_all_nobg/M58-下方護蓋1(從動側)/20240417134347.jpg,8,M58-下方護蓋1(從動側),M58-下方護蓋1(從動側),0.9877,True
/mnt/backups/andycw/M58/Real_all_nobg/M58-下方護蓋1(從動側)/20240417134344.jpg,8,M58-下方護蓋1(從動側),M58-下方護蓋1(從動側),0.7344,True
/mnt/backups/andycw/M58/Real_all_nobg/M58-下方護蓋1(從動側)/20240417134317.jpg,8,M58-下方護蓋1(從動側),M58-乘載板,0.8573,False
/mnt/backups/andycw/M58/Real_all_nobg/M58-乘載板/20240416203949.jpg,9,M58-乘載板,M58-下方護蓋1(從動側),0.4188,False
/mnt/backups/andycw/M58/Real_all_nobg/M58-乘載板/20240416203952.jpg,9,M58-乘載板,M58-乘載板,0.9976,True
/mnt/backups/andycw/M58/Real_all_nobg/M58-乘載板/20240416203857.jpg,9,M58-乘載板,M58-乘載板,0.9657,True
/mnt/backups/andycw/M58/Real_all_nobg/M58-乘載板/20240416204045.jpg,9,M58-乘載板,M58-乘載板,0.6383,True
/mnt/backups/andycw/M58/Real_all_nobg/M58-乘載板/20240416204048.jpg,9,M58-乘載板,M58-乘載板,0.4877,True
/mnt/backups/andycw/M58/Real_all_nobg/M58-乘載板/20240416204050.jpg,9,M58-乘載板,M58-乘載板,0.6727,True
/mnt/backups/andycw/M58/Real_all_nobg/M58-乘載板/20240416204054.jpg,9,M58-乘載板,M58-乘載板,0.9868,True
/mnt/backups/andycw/M58/Real_all_nobg/M58-乘載板/20240416204055.jpg,9,M58-乘載板,M58-乘載板,0.9333,True
/mnt/backups/andycw/M58/Real_all_nobg/M58-乘載板/20240416204057.jpg,9,M58-乘載板,M58-乘載板,0.9949,True
/mnt/backups/andycw/M58/Real_all_nobg/M58-乘載板/20240416204103.jpg,9,M58-乘載板,M58-乘載板,0.8494,True
/mnt/backups/andycw/M58/Real_all_nobg/M58-乘載板/20240416204105.jpg,9,M58-乘載板,M58-乘載板,0.8667,True
/mnt/backups/andycw/M58/Real_all_nobg/M58-乘載板/20240416203920.jpg,9,M58-乘載板,M58-乘載板,0.5151,True
/mnt/backups/andycw/M58/Real_all_nobg/M58-乘載板/20240416203917.jpg,9,M58-乘載板,M58-乘載板,0.8199,True
/mnt/backups/andycw/M58/Real_all_nobg/M58-乘載板/20240416203913.jpg,9,M58-乘載板,M58-乘載板,0.5632,True
/mnt/backups/andycw/M58/Real_all_nobg/M58-乘載板/20240416203911.jpg,9,M58-乘載板,M58-乘載板,0.5062,True
/mnt/backups/andycw/M58/Real_all_nobg/M58-乘載板/20240416203907.jpg,9,M58-乘載板,M58-乘載板,0.4418,True
/mnt/backups/andycw/M58/Real_all_nobg/M58-乘載板/20240416203905.jpg,9,M58-乘載板,M58-乘載板,0.6290,True
/mnt/backups/andycw/M58/Real_all_nobg/M58-乘載板/20240416203900.jpg,9,M58-乘載板,M58-乘載板,0.8844,True
/mnt/backups/andycw/M58/Real_all_nobg/M58-乘載板/20240416203858.jpg,9,M58-乘載板,M58-乘載板,0.9875,True
/mnt/backups/andycw/M58/Real_all_nobg/M58-乘載板/20240416204037.jpg,9,M58-乘載板,M58-皮帶拖板,0.5230,False
/mnt/backups/andycw/M58/Real_all_nobg/M58-乘載板/20240416204034.jpg,9,M58-乘載板,M58-皮帶拖板,0.6160,False
/mnt/backups/andycw/M58/Real_all_nobg/M58-乘載板/20240416204028.jpg,9,M58-乘載板,M58-乘載板,0.9649,True
/mnt/backups/andycw/M58/Real_all_nobg/M58-乘載板/20240416204026.jpg,9,M58-乘載板,M58-乘載板,0.9235,True
/mnt/backups/andycw/M58/Real_all_nobg/M58-乘載板/20240416204022.jpg,9,M58-乘載板,M58-乘載板,0.9982,True
/mnt/backups/andycw/M58/Real_all_nobg/M58-乘載板/20240416204021.jpg,9,M58-乘載板,M58-乘載板,0.9917,True
/mnt/backups/andycw/M58/Real_all_nobg/M58-乘載板/20240416204019.jpg,9,M58-乘載板,M58-乘載板,0.9897,True
/mnt/backups/andycw/M58/Real_all_nobg/M58-乘載板/20240416204015.jpg,9,M58-乘載板,M58-乘載板,0.8904,True
/mnt/backups/andycw/M58/Real_all_nobg/M58-乘載板/20240416204014.jpg,9,M58-乘載板,M58-乘載板,0.9210,True
/mnt/backups/andycw/M58/Real_all_nobg/M58-乘載板/20240416204013.jpg,9,M58-乘載板,M58-乘載板,0.9376,True
/mnt/backups/andycw/M58/Real_all_nobg/M58-乘載板/20240416204012.jpg,9,M58-乘載板,M58-乘載板,0.8217,True
/mnt/backups/andycw/M58/Real_all_nobg/M58-乘載板/20240416204010.jpg,9,M58-乘載板,M58-乘載板,0.6757,True
/mnt/backups/andycw/M58/Real_all_nobg/M58-乘載板/20240416204000.jpg,9,M58-乘載板,M58-乘載板,0.9437,True
/mnt/backups/andycw/M58/Real_all_nobg/M58-乘載板/20240416203958.jpg,9,M58-乘載板,M58-乘載板,0.9735,True
/mnt/backups/andycw/M58/Real_all_nobg/M58-乘載板/20240416203955.jpg,9,M58-乘載板,M58-乘載板,0.9126,True
/mnt/backups/andycw/M58/Real_all_nobg/M58-乘載板/20240416203954.jpg,9,M58-乘載板,M58-乘載板,0.7402,True
/mnt/backups/andycw/M58/Real_all_nobg/M58-乘載板/20240416203938.jpg,9,M58-乘載板,M58-乘載板,0.9587,True
/mnt/backups/andycw/M58/Real_all_nobg/M58-乘載板/20240416203937.jpg,9,M58-乘載板,M58-乘載板,0.9910,True
/mnt/backups/andycw/M58/Real_all_nobg/M58-乘載板/20240416203947.jpg,9,M58-乘載板,M58-乘載板,0.9469,True
/mnt/backups/andycw/M58/Real_all_nobg/M58-乘載板/20240416203940.jpg,9,M58-乘載板,M58-乘載板,0.9563,True
/mnt/backups/andycw/M58/Real_all_nobg/M58-乘載板/20240416203929.jpg,9,M58-乘載板,M58-皮帶拖板,0.4294,False
/mnt/backups/andycw/M58/Real_all_nobg/M58-乘載板/20240416203927.jpg,9,M58-乘載板,M58-皮帶拖板,0.6424,False
/mnt/backups/andycw/M58/Real_all_nobg/M58-乘載板導條/20240417104330.jpg,10,M58-乘載板導條,M58-乘載板導條,0.5841,True
/mnt/backups/andycw/M58/Real_all_nobg/M58-乘載板導條/20240417104329.jpg,10,M58-乘載板導條,M58-拖鏈封蓋,0.5291,False
/mnt/backups/andycw/M58/Real_all_nobg/M58-乘載板導條/20240417104056.jpg,10,M58-乘載板導條,M58-乘載板導條,0.3595,True
/mnt/backups/andycw/M58/Real_all_nobg/M58-乘載板導條/20240417104058.jpg,10,M58-乘載板導條,M58-封板支撐柱,0.2991,False
/mnt/backups/andycw/M58/Real_all_nobg/M58-乘載板導條/20240417104059.jpg,10,M58-乘載板導條,M58-拖鏈封蓋,0.5078,False
/mnt/backups/andycw/M58/Real_all_nobg/M58-乘載板導條/20240417104106.jpg,10,M58-乘載板導條,M58-拖鏈封蓋,0.8277,False
/mnt/backups/andycw/M58/Real_all_nobg/M58-乘載板導條/20240417104107.jpg,10,M58-乘載板導條,M58-拖鏈封蓋,0.4393,False
/mnt/backups/andycw/M58/Real_all_nobg/M58-乘載板導條/20240417104110.jpg,10,M58-乘載板導條,M58-拖鏈封蓋,0.7771,False
/mnt/backups/andycw/M58/Real_all_nobg/M58-乘載板導條/20240417104112.jpg,10,M58-乘載板導條,M58-封板支撐柱,0.6618,False
/mnt/backups/andycw/M58/Real_all_nobg/M58-乘載板導條/20240417104115.jpg,10,M58-乘載板導條,M58-拖鏈封蓋,0.5447,False
/mnt/backups/andycw/M58/Real_all_nobg/M58-乘載板導條/20240417104226.jpg,10,M58-乘載板導條,M58-拖鏈封蓋,0.6015,False
/mnt/backups/andycw/M58/Real_all_nobg/M58-乘載板導條/20240417104217.jpg,10,M58-乘載板導條,M58-拖鏈封蓋,0.7054,False
/mnt/backups/andycw/M58/Real_all_nobg/M58-乘載板導條/20240417104216.jpg,10,M58-乘載板導條,M58-拖鏈封蓋,0.5480,False
/mnt/backups/andycw/M58/Real_all_nobg/M58-乘載板導條/20240417104214.jpg,10,M58-乘載板導條,M58-拖鏈封蓋,0.7053,False
/mnt/backups/andycw/M58/Real_all_nobg/M58-乘載板導條/20240417104210.jpg,10,M58-乘載板導條,M58-拖鏈封蓋,0.5135,False
/mnt/backups/andycw/M58/Real_all_nobg/M58-乘載板導條/20240417104208.jpg,10,M58-乘載板導條,M58-拖鏈封蓋,0.6637,False
/mnt/backups/andycw/M58/Real_all_nobg/M58-乘載板導條/20240417104204.jpg,10,M58-乘載板導條,M58-拖鏈封蓋,0.7987,False
/mnt/backups/andycw/M58/Real_all_nobg/M58-乘載板導條/20240417104203.jpg,10,M58-乘載板導條,M58-拖鏈封蓋,0.7434,False
/mnt/backups/andycw/M58/Real_all_nobg/M58-乘載板導條/20240417104201.jpg,10,M58-乘載板導條,M58-拖鏈封蓋,0.8006,False
/mnt/backups/andycw/M58/Real_all_nobg/M58-乘載板導條/20240417104155.jpg,10,M58-乘載板導條,M58-皮帶支撐片,0.9267,False
/mnt/backups/andycw/M58/Real_all_nobg/M58-乘載板導條/20240417104154.jpg,10,M58-乘載板導條,M58-皮帶支撐片,0.8699,False
/mnt/backups/andycw/M58/Real_all_nobg/M58-乘載板導條/20240417104151.jpg,10,M58-乘載板導條,M58-皮帶支撐片,0.7670,False
/mnt/backups/andycw/M58/Real_all_nobg/M58-乘載板導條/20240417104144.jpg,10,M58-乘載板導條,M58-皮帶支撐片,0.9653,False
/mnt/backups/andycw/M58/Real_all_nobg/M58-乘載板導條/20240417104142.jpg,10,M58-乘載板導條,M58-皮帶支撐片,0.9350,False
/mnt/backups/andycw/M58/Real_all_nobg/M58-乘載板導條/20240417104139.jpg,10,M58-乘載板導條,M58-皮帶支撐片,0.9088,False
/mnt/backups/andycw/M58/Real_all_nobg/M58-乘載板導條/20240417104122.jpg,10,M58-乘載板導條,M58-拖鏈封蓋,0.5060,False
/mnt/backups/andycw/M58/Real_all_nobg/M58-乘載板導條/20240417104308.jpg,10,M58-乘載板導條,M58-皮帶支撐片,0.8940,False
/mnt/backups/andycw/M58/Real_all_nobg/M58-乘載板導條/20240417104228.jpg,10,M58-乘載板導條,M58-拖鏈封蓋,0.5995,False
/mnt/backups/andycw/M58/Real_all_nobg/M58-乘載板導條/20240417104234.jpg,10,M58-乘載板導條,M58-封板支撐柱,0.4172,False
/mnt/backups/andycw/M58/Real_all_nobg/M58-乘載板導條/20240417104232.jpg,10,M58-乘載板導條,M58-拖鏈封蓋,0.7596,False
/mnt/backups/andycw/M58/Real_all_nobg/M58-乘載板導條/20240417104241.jpg,10,M58-乘載板導條,M58-拖鏈封蓋,0.7509,False
/mnt/backups/andycw/M58/Real_all_nobg/M58-乘載板導條/20240417104255.jpg,10,M58-乘載板導條,M58-皮帶支撐片,0.7608,False
/mnt/backups/andycw/M58/Real_all_nobg/M58-乘載板導條/20240417104306.jpg,10,M58-乘載板導條,M58-皮帶支撐片,0.9125,False
/mnt/backups/andycw/M58/Real_all_nobg/M58-乘載板導條/20240417104238.jpg,10,M58-乘載板導條,M58-拖鏈封蓋,0.9107,False
/mnt/backups/andycw/M58/Real_all_nobg/M58-乘載板導條/20240417104327.jpg,10,M58-乘載板導條,M58-拖鏈封蓋,0.3594,False
/mnt/backups/andycw/M58/Real_all_nobg/M58-乘載板導條/20240417104314.jpg,10,M58-乘載板導條,M58-皮帶支撐片,0.8794,False
/mnt/backups/andycw/M58/Real_all_nobg/M58-乘載板導條/20240417104322.jpg,10,M58-乘載板導條,M58-拖鏈封蓋,0.5967,False
/mnt/backups/andycw/M58/Real_all_nobg/M58-乘載板導條/20240417104320.jpg,10,M58-乘載板導條,M58-拖鏈封蓋,0.6414,False
/mnt/backups/andycw/M58/Real_all_nobg/M58-乘載板導條/20240417104328.jpg,10,M58-乘載板導條,M58-拖鏈封蓋,0.5466,False
/mnt/backups/andycw/M58/Real_all_nobg/M58-側邊導輪固定座擋塊/20240516111822.jpg,11,M58-側邊導輪固定座擋塊,M58-側邊導輪固定座擋塊,0.8851,True
/mnt/backups/andycw/M58/Real_all_nobg/M58-側邊導輪固定座擋塊/20240516111905.jpg,11,M58-側邊導輪固定座擋塊,M58-毛刷連接板,0.3644,False
/mnt/backups/andycw/M58/Real_all_nobg/M58-側邊導輪固定座擋塊/20240516111906.jpg,11,M58-側邊導輪固定座擋塊,M58-Fork機身-2,0.6555,False
/mnt/backups/andycw/M58/Real_all_nobg/M58-側邊導輪固定座擋塊/20240516111820.jpg,11,M58-側邊導輪固定座擋塊,M58-側邊導輪固定座擋塊,0.6881,True
/mnt/backups/andycw/M58/Real_all_nobg/M58-側邊導輪固定座擋塊/20240516111823.jpg,11,M58-側邊導輪固定座擋塊,M58-側邊導輪固定座擋塊,0.8309,True
/mnt/backups/andycw/M58/Real_all_nobg/M58-側邊導輪固定座擋塊/20240516111825.jpg,11,M58-側邊導輪固定座擋塊,M58-側邊導輪固定座擋塊,0.4913,True
/mnt/backups/andycw/M58/Real_all_nobg/M58-側邊導輪固定座擋塊/20240516111826.jpg,11,M58-側邊導輪固定座擋塊,M58-毛刷連接板,0.4273,False
/mnt/backups/andycw/M58/Real_all_nobg/M58-側邊導輪固定座擋塊/20240516111829.jpg,11,M58-側邊導輪固定座擋塊,M58-側邊導輪固定座擋塊,0.8761,True
/mnt/backups/andycw/M58/Real_all_nobg/M58-側邊導輪固定座擋塊/20240516111832.jpg,11,M58-側邊導輪固定座擋塊,M58-毛刷連接板,0.3980,False
/mnt/backups/andycw/M58/Real_all_nobg/M58-側邊導輪固定座擋塊/20240516111833.jpg,11,M58-側邊導輪固定座擋塊,M58-毛刷連接板,0.4686,False
/mnt/backups/andycw/M58/Real_all_nobg/M58-側邊導輪固定座擋塊/20240516111836.jpg,11,M58-側邊導輪固定座擋塊,M58-毛刷連接板,0.7116,False
/mnt/backups/andycw/M58/Real_all_nobg/M58-側邊導輪固定座擋塊/20240516111840.jpg,11,M58-側邊導輪固定座擋塊,M58-側邊導輪固定座擋塊,0.6730,True
/mnt/backups/andycw/M58/Real_all_nobg/M58-側邊導輪固定座擋塊/20240516111850.jpg,11,M58-側邊導輪固定座擋塊,M58-毛刷連接板,0.9038,False
/mnt/backups/andycw/M58/Real_all_nobg/M58-側邊導輪固定座擋塊/20240516111851.jpg,11,M58-側邊導輪固定座擋塊,M58-毛刷連接板,0.9328,False
/mnt/backups/andycw/M58/Real_all_nobg/M58-側邊導輪固定座擋塊/20240516111858.jpg,11,M58-側邊導輪固定座擋塊,M58-側邊導輪固定座擋塊,0.6484,True
/mnt/backups/andycw/M58/Real_all_nobg/M58-側邊導輪固定座擋塊/20240516111902.jpg,11,M58-側邊導輪固定座擋塊,M58-Encoder側走行機身,0.4704,False
/mnt/backups/andycw/M58/Real_all_nobg/M58-側邊導輪固定座擋塊/20240516111903.jpg,11,M58-側邊導輪固定座擋塊,M58-Encoder側走行機身,0.7923,False
/mnt/backups/andycw/M58/Real_all_nobg/M58-側邊導輪固定座擋塊/20240516111913.jpg,11,M58-側邊導輪固定座擋塊,M58-擺臂部馬達固定座,0.4836,False
/mnt/backups/andycw/M58/Real_all_nobg/M58-側邊導輪固定座擋塊/20240516111919.jpg,11,M58-側邊導輪固定座擋塊,M58-Encoder側走行機身,0.8697,False
/mnt/backups/andycw/M58/Real_all_nobg/M58-側邊導輪固定座擋塊/20240516111925.jpg,11,M58-側邊導輪固定座擋塊,M58-Encoder側走行機身,0.5737,False
/mnt/backups/andycw/M58/Real_all_nobg/M58-側邊導輪固定座擋塊/20240516111920.jpg,11,M58-側邊導輪固定座擋塊,M58-Encoder側走行機身,0.8057,False
/mnt/backups/andycw/M58/Real_all_nobg/M58-側邊導輪固定板/20240516114113.jpg,12,M58-側邊導輪固定板,M58-側邊導輪固定座擋塊,0.5454,False
/mnt/backups/andycw/M58/Real_all_nobg/M58-側邊導輪固定板/20240516114118.jpg,12,M58-側邊導輪固定板,M58-側邊導輪固定板,0.9121,True
/mnt/backups/andycw/M58/Real_all_nobg/M58-側邊導輪固定板/20240516114107.jpg,12,M58-側邊導輪固定板,M58-側邊導輪固定板,0.7098,True
/mnt/backups/andycw/M58/Real_all_nobg/M58-側邊導輪固定板/20240516114110.jpg,12,M58-側邊導輪固定板,M58-擺臂部軸承座,0.3623,False
/mnt/backups/andycw/M58/Real_all_nobg/M58-側邊導輪固定板/20240516114128.jpg,12,M58-側邊導輪固定板,M58-側邊導輪固定板,0.5447,True
/mnt/backups/andycw/M58/Real_all_nobg/M58-側邊導輪固定板/20240516114124.jpg,12,M58-側邊導輪固定板,M58-側邊導輪固定板,0.7574,True
/mnt/backups/andycw/M58/Real_all_nobg/M58-側邊導輪固定板/20240516114051.jpg,12,M58-側邊導輪固定板,M58-側邊導輪固定座擋塊,0.5023,False
/mnt/backups/andycw/M58/Real_all_nobg/M58-側邊導輪固定板/20240516114057.jpg,12,M58-側邊導輪固定板,M58-側邊導輪固定板,0.6137,True
/mnt/backups/andycw/M58/Real_all_nobg/M58-側邊導輪固定板/20240516114102.jpg,12,M58-側邊導輪固定板,M58-側邊導輪固定板,0.8305,True
/mnt/backups/andycw/M58/Real_all_nobg/M58-側邊導輪固定板/20240516114106.jpg,12,M58-側邊導輪固定板,M58-側邊導輪固定板,0.7132,True
/mnt/backups/andycw/M58/Real_all_nobg/M58-側邊導輪固定板/20240516114132.jpg,12,M58-側邊導輪固定板,M58-擺臂部軸承座,0.2421,False
/mnt/backups/andycw/M58/Real_all_nobg/M58-側邊導輪固定板/20240516114129.jpg,12,M58-側邊導輪固定板,M58-側邊導輪固定板,0.5739,True
/mnt/backups/andycw/M58/Real_all_nobg/M58-加熱器固定板/20240516114948.jpg,13,M58-加熱器固定板,M58-煞車電阻盤,0.5488,False
/mnt/backups/andycw/M58/Real_all_nobg/M58-加熱器固定板/20240516114940.jpg,13,M58-加熱器固定板,M58-煞車電阻盤,0.8578,False
/mnt/backups/andycw/M58/Real_all_nobg/M58-加熱器固定板/20240516114933.jpg,13,M58-加熱器固定板,M58-煞車電阻盤,0.9636,False
/mnt/backups/andycw/M58/Real_all_nobg/M58-加熱器固定板/20240516114932.jpg,13,M58-加熱器固定板,M58-煞車電阻盤,0.9703,False
/mnt/backups/andycw/M58/Real_all_nobg/M58-加熱器固定板/20240516115005.jpg,13,M58-加熱器固定板,M58-加熱器固定板,0.9336,True
/mnt/backups/andycw/M58/Real_all_nobg/M58-加熱器固定板/20240516114957.jpg,13,M58-加熱器固定板,M58-煞車電阻盤,0.7754,False
/mnt/backups/andycw/M58/Real_all_nobg/M58-加熱器固定板/20240516114951.jpg,13,M58-加熱器固定板,M58-加熱器固定板,0.4658,True
/mnt/backups/andycw/M58/Real_all_nobg/M58-加熱器固定板/20240516115011.jpg,13,M58-加熱器固定板,M58-加熱器固定板,0.9601,True
/mnt/backups/andycw/M58/Real_all_nobg/M58-加熱器固定板/20240516114949.jpg,13,M58-加熱器固定板,M58-煞車電阻盤,0.3973,False
/mnt/backups/andycw/M58/Real_all_nobg/M58-加熱器固定板/20240516114845.jpg,13,M58-加熱器固定板,M58-加熱器固定板,0.9913,True
/mnt/backups/andycw/M58/Real_all_nobg/M58-加熱器固定板/20240516114846.jpg,13,M58-加熱器固定板,M58-加熱器固定板,0.9940,True
/mnt/backups/andycw/M58/Real_all_nobg/M58-加熱器固定板/20240516114849.jpg,13,M58-加熱器固定板,M58-加熱器固定板,0.9466,True
/mnt/backups/andycw/M58/Real_all_nobg/M58-加熱器固定板/20240516114853.jpg,13,M58-加熱器固定板,M58-加熱器固定板,0.5758,True
/mnt/backups/andycw/M58/Real_all_nobg/M58-加熱器固定板/20240516114900.jpg,13,M58-加熱器固定板,M58-加熱器固定板,0.9742,True
/mnt/backups/andycw/M58/Real_all_nobg/M58-加熱器固定板/20240516114907.jpg,13,M58-加熱器固定板,M58-加熱器固定板,0.7821,True
/mnt/backups/andycw/M58/Real_all_nobg/M58-加熱器固定板/20240516114908.jpg,13,M58-加熱器固定板,M58-煞車電阻盤,0.7948,False
/mnt/backups/andycw/M58/Real_all_nobg/M58-加熱器固定板/20240516114917.jpg,13,M58-加熱器固定板,M58-煞車電阻盤,0.9938,False
/mnt/backups/andycw/M58/Real_all_nobg/M58-加熱器固定板/20240516114916.jpg,13,M58-加熱器固定板,M58-煞車電阻盤,0.9862,False
/mnt/backups/andycw/M58/Real_all_nobg/M58-加熱器固定板/20240516114910.jpg,13,M58-加熱器固定板,M58-煞車電阻盤,0.6686,False
/mnt/backups/andycw/M58/Real_all_nobg/M58-加熱器固定板/20240516114911.jpg,13,M58-加熱器固定板,M58-煞車電阻盤,0.6583,False
/mnt/backups/andycw/M58/Real_all_nobg/M58-加熱器固定板/20240516114929.jpg,13,M58-加熱器固定板,M58-煞車電阻盤,0.9780,False
/mnt/backups/andycw/M58/Real_all_nobg/M58-加熱器固定板/20240516114928.jpg,13,M58-加熱器固定板,M58-煞車電阻盤,0.9121,False
/mnt/backups/andycw/M58/Real_all_nobg/M58-加熱器固定板/20240516114838.jpg,13,M58-加熱器固定板,M58-煞車電阻盤,0.6997,False
/mnt/backups/andycw/M58/Real_all_nobg/M58-加熱器固定板/20240516114837.jpg,13,M58-加熱器固定板,M58-煞車電阻盤,0.6037,False
/mnt/backups/andycw/M58/Real_all_nobg/M58-加熱器固定板/20240516114840.jpg,13,M58-加熱器固定板,M58-煞車電阻盤,0.6909,False
/mnt/backups/andycw/M58/Real_all_nobg/M58-封板支撐柱/20240516114521.jpg,14,M58-封板支撐柱,M58-Fork機身-2,0.3919,False
/mnt/backups/andycw/M58/Real_all_nobg/M58-封板支撐柱/20240516114523.jpg,14,M58-封板支撐柱,M58-拖鏈封蓋,0.2799,False
/mnt/backups/andycw/M58/Real_all_nobg/M58-封板支撐柱/20240516114528.jpg,14,M58-封板支撐柱,M58-皮帶支撐片,0.9164,False
/mnt/backups/andycw/M58/Real_all_nobg/M58-封板支撐柱/20240516114520.jpg,14,M58-封板支撐柱,M58-Fork機身-2,0.5580,False
/mnt/backups/andycw/M58/Real_all_nobg/M58-封板支撐柱/20240516114457.jpg,14,M58-封板支撐柱,M58-拖鏈封蓋,0.5005,False
/mnt/backups/andycw/M58/Real_all_nobg/M58-封板支撐柱/20240516114510.jpg,14,M58-封板支撐柱,M58-拖鏈封蓋,0.4078,False
/mnt/backups/andycw/M58/Real_all_nobg/M58-封板支撐柱/20240516114509.jpg,14,M58-封板支撐柱,M58-封板支撐柱,0.3401,True
/mnt/backups/andycw/M58/Real_all_nobg/M58-封板支撐柱/20240516114544.jpg,14,M58-封板支撐柱,M58-電池固定架2,0.8741,False
/mnt/backups/andycw/M58/Real_all_nobg/M58-封板支撐柱/20240516114600.jpg,14,M58-封板支撐柱,M58-拖鏈封蓋,0.6034,False
/mnt/backups/andycw/M58/Real_all_nobg/M58-封板支撐柱/20240516114550.jpg,14,M58-封板支撐柱,M58-皮帶拖板,0.4006,False
/mnt/backups/andycw/M58/Real_all_nobg/M58-封板支撐柱/20240516114542.jpg,14,M58-封板支撐柱,M58-皮帶支撐片,0.6184,False
/mnt/backups/andycw/M58/Real_all_nobg/M58-封板支撐柱/20240516114536.jpg,14,M58-封板支撐柱,M58-皮帶支撐片,0.4915,False
/mnt/backups/andycw/M58/Real_all_nobg/M58-封板支撐柱/20240516114531.jpg,14,M58-封板支撐柱,M58-皮帶支撐片,0.9489,False
/mnt/backups/andycw/M58/Real_all_nobg/M58-封板支撐柱/20240516114539.jpg,14,M58-封板支撐柱,M58-電池固定架2,0.5172,False
/mnt/backups/andycw/M58/Real_all_nobg/M58-導向輪軸心/20240717111154.jpg,15,M58-導向輪軸心,M58-乘載板,0.4078,False
/mnt/backups/andycw/M58/Real_all_nobg/M58-導向輪軸心/20240717111119.jpg,15,M58-導向輪軸心,M58-擺臂部軸心,0.6759,False
/mnt/backups/andycw/M58/Real_all_nobg/M58-導向輪軸心/20240702104315.jpg,15,M58-導向輪軸心,M58-擺臂部軸心,0.9102,False
/mnt/backups/andycw/M58/Real_all_nobg/M58-導向輪軸心/20240702104311.jpg,15,M58-導向輪軸心,M58-擺臂部軸心,0.7134,False
/mnt/backups/andycw/M58/Real_all_nobg/M58-導向輪軸心/20240702104307.jpg,15,M58-導向輪軸心,M58-擺臂部軸心,0.4050,False
/mnt/backups/andycw/M58/Real_all_nobg/M58-導向輪軸心/20240717111126.jpg,15,M58-導向輪軸心,M58-乘載板導條,0.4667,False
/mnt/backups/andycw/M58/Real_all_nobg/M58-導向輪軸心/20240717111131.jpg,15,M58-導向輪軸心,M58-乘載板導條,0.5685,False
/mnt/backups/andycw/M58/Real_all_nobg/M58-導向輪軸心/20240717111136.jpg,15,M58-導向輪軸心,M58-乘載板導條,0.9662,False
/mnt/backups/andycw/M58/Real_all_nobg/M58-導向輪軸心/20240717111141.jpg,15,M58-導向輪軸心,M58-乘載板導條,0.4137,False
/mnt/backups/andycw/M58/Real_all_nobg/M58-導向輪軸心/20240717111144.jpg,15,M58-導向輪軸心,M58-乘載板導條,0.5130,False
/mnt/backups/andycw/M58/Real_all_nobg/M58-導向輪軸心/20240717111147.jpg,15,M58-導向輪軸心,M58-乘載板導條,0.9253,False
/mnt/backups/andycw/M58/Real_all_nobg/M58-導向輪軸心/20240717111150.jpg,15,M58-導向輪軸心,M58-乘載板導條,0.8739,False
/mnt/backups/andycw/M58/Real_all_nobg/M58-導向輪軸心/20240702104304.jpg,15,M58-導向輪軸心,M58-導向輪軸心,0.6159,True
/mnt/backups/andycw/M58/Real_all_nobg/M58-導向輪軸心/20240702104253.jpg,15,M58-導向輪軸心,M58-導向輪軸心,0.4692,True
/mnt/backups/andycw/M58/Real_all_nobg/M58-導向輪軸心/20240702104303.jpg,15,M58-導向輪軸心,M58-乘載板導條,0.6159,False
/mnt/backups/andycw/M58/Real_all_nobg/M58-導向輪軸心/20240702104258.jpg,15,M58-導向輪軸心,M58-導向輪軸心,0.6257,True
/mnt/backups/andycw/M58/Real_all_nobg/M58-導向輪軸心/20240702104254.jpg,15,M58-導向輪軸心,M58-乘載板導條,0.4168,False
/mnt/backups/andycw/M58/Real_all_nobg/M58-導向輪軸心/20240702104241.jpg,15,M58-導向輪軸心,M58-導向輪軸心,0.4779,True
/mnt/backups/andycw/M58/Real_all_nobg/M58-導向輪軸心/20240702104245.jpg,15,M58-導向輪軸心,M58-擺臂部軸心,0.5608,False
/mnt/backups/andycw/M58/Real_all_nobg/M58-導向輪軸心/20240702104249.jpg,15,M58-導向輪軸心,M58-擺臂部軸心,0.9564,False
/mnt/backups/andycw/M58/Real_all_nobg/M58-導向輪軸心/20240702104240.jpg,15,M58-導向輪軸心,M58-導向輪軸心,0.5709,True
/mnt/backups/andycw/M58/Real_all_nobg/M58-導向輪軸心/20240702104227.jpg,15,M58-導向輪軸心,M58-電池固定架1,0.2508,False
/mnt/backups/andycw/M58/Real_all_nobg/M58-導向輪軸心/20240702104231.jpg,15,M58-導向輪軸心,M58-導向輪軸心,0.7506,True
/mnt/backups/andycw/M58/Real_all_nobg/M58-導向輪軸心/20240702104236.jpg,15,M58-導向輪軸心,M58-乘載板導條,0.4490,False
/mnt/backups/andycw/M58/Real_all_nobg/M58-導向輪軸心/20240702104224.jpg,15,M58-導向輪軸心,M58-擺臂部軸心,0.4474,False
/mnt/backups/andycw/M58/Real_all_nobg/M58-從動側FORK機身/20240416200511.jpg,16,M58-從動側FORK機身,M58-從動側FORK機身,0.9970,True
/mnt/backups/andycw/M58/Real_all_nobg/M58-從動側FORK機身/20240416200509.jpg,16,M58-從動側FORK機身,M58-從動側FORK機身,0.9875,True
/mnt/backups/andycw/M58/Real_all_nobg/M58-從動側FORK機身/20240416200457.jpg,16,M58-從動側FORK機身,M58-從動側FORK機身,0.9813,True
/mnt/backups/andycw/M58/Real_all_nobg/M58-從動側FORK機身/20240416200451.jpg,16,M58-從動側FORK機身,M58-從動側FORK機身,0.9839,True
/mnt/backups/andycw/M58/Real_all_nobg/M58-從動側FORK機身/20240416200439.jpg,16,M58-從動側FORK機身,M58-從動側FORK機身,0.7855,True
/mnt/backups/andycw/M58/Real_all_nobg/M58-從動側FORK機身/20240416200438.jpg,16,M58-從動側FORK機身,M58-從動側FORK機身,0.9104,True
/mnt/backups/andycw/M58/Real_all_nobg/M58-從動側FORK機身/20240416200430.jpg,16,M58-從動側FORK機身,M58-從動側FORK機身,0.8822,True
/mnt/backups/andycw/M58/Real_all_nobg/M58-從動側FORK機身/20240416200429.jpg,16,M58-從動側FORK機身,M58-從動側FORK機身,0.8966,True
/mnt/backups/andycw/M58/Real_all_nobg/M58-從動側FORK機身/20240416200421.jpg,16,M58-從動側FORK機身,M58-從動側FORK機身,0.7205,True
/mnt/backups/andycw/M58/Real_all_nobg/M58-從動側FORK機身/20240416200419.jpg,16,M58-從動側FORK機身,M58-從動側FORK機身,0.4260,True
/mnt/backups/andycw/M58/Real_all_nobg/M58-從動側FORK機身/20240416200415.jpg,16,M58-從動側FORK機身,M58-FORK定位固定片,0.5856,False
/mnt/backups/andycw/M58/Real_all_nobg/M58-從動側FORK機身/20240416200413.jpg,16,M58-從動側FORK機身,M58-FORK定位固定片,0.3352,False
/mnt/backups/andycw/M58/Real_all_nobg/M58-從動側FORK機身/20240416200409.jpg,16,M58-從動側FORK機身,M58-從動側FORK機身,0.2694,True
/mnt/backups/andycw/M58/Real_all_nobg/M58-從動側FORK機身/20240416200407.jpg,16,M58-從動側FORK機身,M58-Encoder側走行機身,0.3975,False
/mnt/backups/andycw/M58/Real_all_nobg/M58-從動側FORK機身/20240416200354.jpg,16,M58-從動側FORK機身,M58-從動側FORK機身,0.8626,True
/mnt/backups/andycw/M58/Real_all_nobg/M58-從動側FORK機身/20240416200352.jpg,16,M58-從動側FORK機身,M58-從動側FORK機身,0.9464,True
/mnt/backups/andycw/M58/Real_all_nobg/M58-從動側FORK機身/20240416200518.jpg,16,M58-從動側FORK機身,M58-從動側FORK機身,0.9721,True
/mnt/backups/andycw/M58/Real_all_nobg/M58-從動側FORK機身/20240416200520.jpg,16,M58-從動側FORK機身,M58-從動側FORK機身,0.9876,True
/mnt/backups/andycw/M58/Real_all_nobg/M58-從動側FORK機身/20240416200339.jpg,16,M58-從動側FORK機身,M58-從動側FORK機身,0.6368,True
/mnt/backups/andycw/M58/Real_all_nobg/M58-從動側FORK機身/20240416200338.jpg,16,M58-從動側FORK機身,M58-從動側FORK機身,0.9572,True
/mnt/backups/andycw/M58/Real_all_nobg/M58-從動側FORK機身/20240416200337.jpg,16,M58-從動側FORK機身,M58-從動側FORK機身,0.8959,True
/mnt/backups/andycw/M58/Real_all_nobg/M58-從動側FORK機身/20240416200336.jpg,16,M58-從動側FORK機身,M58-從動側FORK機身,0.9497,True
/mnt/backups/andycw/M58/Real_all_nobg/M58-從動側FORK機身/20240416200330.jpg,16,M58-從動側FORK機身,M58-從動側FORK機身,0.9869,True
/mnt/backups/andycw/M58/Real_all_nobg/M58-從動側FORK機身/20240416200328.jpg,16,M58-從動側FORK機身,M58-從動側FORK機身,0.9707,True
/mnt/backups/andycw/M58/Real_all_nobg/M58-從動側FORK機身/20240416200321.jpg,16,M58-從動側FORK機身,M58-從動側FORK機身,0.9930,True
/mnt/backups/andycw/M58/Real_all_nobg/M58-從動側FORK機身/20240416200318.jpg,16,M58-從動側FORK機身,M58-從動側FORK機身,0.9921,True
/mnt/backups/andycw/M58/Real_all_nobg/M58-從動側FORK機身/20240416200310.jpg,16,M58-從動側FORK機身,M58-從動側FORK機身,0.8449,True
/mnt/backups/andycw/M58/Real_all_nobg/M58-從動側FORK機身/20240416200309.jpg,16,M58-從動側FORK機身,M58-從動側FORK機身,0.9395,True
/mnt/backups/andycw/M58/Real_all_nobg/M58-從動側FORK機身/20240416200304.jpg,16,M58-從動側FORK機身,M58-從動側FORK機身,0.9225,True
/mnt/backups/andycw/M58/Real_all_nobg/M58-從動側FORK機身/20240416200302.jpg,16,M58-從動側FORK機身,M58-從動側FORK機身,0.9136,True
/mnt/backups/andycw/M58/Real_all_nobg/M58-從動側FORK機身/20240416200028.jpg,16,M58-從動側FORK機身,M58-下方護蓋1(從動側),0.5145,False
/mnt/backups/andycw/M58/Real_all_nobg/M58-從動側FORK機身/20240416200026.jpg,16,M58-從動側FORK機身,M58-從動側FORK機身,0.6073,True
/mnt/backups/andycw/M58/Real_all_nobg/M58-從動側FORK機身/20240416200348.jpg,16,M58-從動側FORK機身,M58-從動側FORK機身,0.4229,True
/mnt/backups/andycw/M58/Real_all_nobg/M58-從動側FORK機身/20240416200346.jpg,16,M58-從動側FORK機身,M58-從動側FORK機身,0.4813,True
/mnt/backups/andycw/M58/Real_all_nobg/M58-從動側FORK機身/20240416200008.jpg,16,M58-從動側FORK機身,M58-Fork機身-1,0.5938,False
/mnt/backups/andycw/M58/Real_all_nobg/M58-從動側FORK機身/20240416200005.jpg,16,M58-從動側FORK機身,M58-從動側FORK機身,0.3490,True
/mnt/backups/andycw/M58/Real_all_nobg/M58-從動側FORK機身/20240416200010.jpg,16,M58-從動側FORK機身,M58-Fork機身-1,0.5490,False
/mnt/backups/andycw/M58/Real_all_nobg/M58-從動側FORK機身/20240416200009.jpg,16,M58-從動側FORK機身,M58-從動側FORK機身,0.5046,True
/mnt/backups/andycw/M58/Real_all_nobg/M58-從動側走行機身/20240417134842.jpg,17,M58-從動側走行機身,M58-Encoder側走行機身,0.2713,False
/mnt/backups/andycw/M58/Real_all_nobg/M58-從動側走行機身/20240417134841.jpg,17,M58-從動側走行機身,M58-從動側走行機身,0.6375,True
/mnt/backups/andycw/M58/Real_all_nobg/M58-從動側走行機身/20240417134808.jpg,17,M58-從動側走行機身,M58-側邊導輪固定板,0.4798,False
/mnt/backups/andycw/M58/Real_all_nobg/M58-從動側走行機身/20240417134807.jpg,17,M58-從動側走行機身,M58-從動側走行機身,0.5042,True
/mnt/backups/andycw/M58/Real_all_nobg/M58-從動側走行機身/20240417134806.jpg,17,M58-從動側走行機身,M58-加熱器固定板,0.3543,False
/mnt/backups/andycw/M58/Real_all_nobg/M58-從動側走行機身/20240417134805.jpg,17,M58-從動側走行機身,M58-側邊導輪固定板,0.3929,False
/mnt/backups/andycw/M58/Real_all_nobg/M58-從動側走行機身/20240417134834.jpg,17,M58-從動側走行機身,M58-皮帶支撐片,0.5541,False
/mnt/backups/andycw/M58/Real_all_nobg/M58-從動側走行機身/20240417134820.jpg,17,M58-從動側走行機身,M58-皮帶拖板,0.5783,False
/mnt/backups/andycw/M58/Real_all_nobg/M58-從動側走行機身/20240417134818.jpg,17,M58-從動側走行機身,M58-皮帶支撐片,0.4401,False
/mnt/backups/andycw/M58/Real_all_nobg/M58-從動側走行機身/20240417134817.jpg,17,M58-從動側走行機身,M58-從動側走行機身,0.3274,True
/mnt/backups/andycw/M58/Real_all_nobg/M58-從動側走行機身/20240417134853.jpg,17,M58-從動側走行機身,M58-下封板,0.7540,False
/mnt/backups/andycw/M58/Real_all_nobg/M58-從動側走行機身/20240417134844.jpg,17,M58-從動側走行機身,M58-從動側走行機身,0.9648,True
/mnt/backups/andycw/M58/Real_all_nobg/M58-從動側走行機身/20240417134717.jpg,17,M58-從動側走行機身,M58-加熱器固定板,0.6723,False
/mnt/backups/andycw/M58/Real_all_nobg/M58-從動側走行機身/20240417134707.jpg,17,M58-從動側走行機身,M58-Fork機身-2,0.9123,False
/mnt/backups/andycw/M58/Real_all_nobg/M58-從動側走行機身/20240417134652.jpg,17,M58-從動側走行機身,M58-Fork機身-2,0.6262,False
/mnt/backups/andycw/M58/Real_all_nobg/M58-從動側走行機身/20240417134639.jpg,17,M58-從動側走行機身,M58-加熱器固定板,0.3493,False
/mnt/backups/andycw/M58/Real_all_nobg/M58-從動側走行機身/20240417134705.jpg,17,M58-從動側走行機身,M58-Fork機身-2,0.9723,False
/mnt/backups/andycw/M58/Real_all_nobg/M58-從動側走行機身/20240417134654.jpg,17,M58-從動側走行機身,M58-從動側走行機身,0.5645,True
/mnt/backups/andycw/M58/Real_all_nobg/M58-從動側走行機身/20240417134620.jpg,17,M58-從動側走行機身,M58-加熱器固定板,0.5098,False
/mnt/backups/andycw/M58/Real_all_nobg/M58-從動側走行機身/20240417134622.jpg,17,M58-從動側走行機身,M58-加熱器固定板,0.4852,False
/mnt/backups/andycw/M58/Real_all_nobg/M58-從動側走行機身/20240417134619.jpg,17,M58-從動側走行機身,M58-加熱器固定板,0.5902,False
/mnt/backups/andycw/M58/Real_all_nobg/M58-從動側走行機身/20240417134609.jpg,17,M58-從動側走行機身,M58-從動側走行機身,0.9862,True
/mnt/backups/andycw/M58/Real_all_nobg/M58-從動側走行機身/20240417134604.jpg,17,M58-從動側走行機身,M58-從動側走行機身,0.9644,True
/mnt/backups/andycw/M58/Real_all_nobg/M58-從動側走行機身/20240417134605.jpg,17,M58-從動側走行機身,M58-從動側走行機身,0.9755,True
/mnt/backups/andycw/M58/Real_all_nobg/M58-從動側走行機身/20240417134600.jpg,17,M58-從動側走行機身,M58-從動側走行機身,0.9706,True
/mnt/backups/andycw/M58/Real_all_nobg/M58-從動側走行機身/20240417134601.jpg,17,M58-從動側走行機身,M58-從動側走行機身,0.9646,True
/mnt/backups/andycw/M58/Real_all_nobg/M58-從動側走行機身/20240417134718.jpg,17,M58-從動側走行機身,M58-側邊導輪固定板,0.5134,False
/mnt/backups/andycw/M58/Real_all_nobg/M58-從動側走行機身/20240417134720.jpg,17,M58-從動側走行機身,M58-加熱器固定板,0.5581,False
/mnt/backups/andycw/M58/Real_all_nobg/M58-從動側走行機身/20240417134726.jpg,17,M58-從動側走行機身,M58-從動側走行機身,0.9594,True
/mnt/backups/andycw/M58/Real_all_nobg/M58-從動側走行機身/20240417134729.jpg,17,M58-從動側走行機身,M58-從動側走行機身,0.9652,True
/mnt/backups/andycw/M58/Real_all_nobg/M58-拖鏈封蓋/20240417101752.jpg,18,M58-拖鏈封蓋,M58-拖鏈封蓋,0.6657,True
/mnt/backups/andycw/M58/Real_all_nobg/M58-拖鏈封蓋/20240417101758.jpg,18,M58-拖鏈封蓋,M58-電池固定架2,0.4212,False
/mnt/backups/andycw/M58/Real_all_nobg/M58-拖鏈封蓋/20240417101816.jpg,18,M58-拖鏈封蓋,M58-煞車電阻盤,0.9125,False
/mnt/backups/andycw/M58/Real_all_nobg/M58-拖鏈封蓋/20240417101817.jpg,18,M58-拖鏈封蓋,M58-煞車電阻盤,0.9435,False
/mnt/backups/andycw/M58/Real_all_nobg/M58-拖鏈封蓋/20240417101821.jpg,18,M58-拖鏈封蓋,M58-封板支撐柱,0.5163,False
/mnt/backups/andycw/M58/Real_all_nobg/M58-拖鏈封蓋/20240417101822.jpg,18,M58-拖鏈封蓋,M58-煞車電阻盤,0.9529,False
/mnt/backups/andycw/M58/Real_all_nobg/M58-拖鏈封蓋/20240417101824.jpg,18,M58-拖鏈封蓋,M58-煞車電阻盤,0.7976,False
/mnt/backups/andycw/M58/Real_all_nobg/M58-拖鏈封蓋/20240417101840.jpg,18,M58-拖鏈封蓋,M58-煞車電阻盤,0.9969,False
/mnt/backups/andycw/M58/Real_all_nobg/M58-拖鏈封蓋/20240417101841.jpg,18,M58-拖鏈封蓋,M58-煞車電阻盤,0.9888,False
/mnt/backups/andycw/M58/Real_all_nobg/M58-拖鏈封蓋/20240417101843.jpg,18,M58-拖鏈封蓋,M58-煞車電阻盤,0.9989,False
/mnt/backups/andycw/M58/Real_all_nobg/M58-拖鏈封蓋/20240417101844.jpg,18,M58-拖鏈封蓋,M58-煞車電阻盤,0.9990,False
/mnt/backups/andycw/M58/Real_all_nobg/M58-拖鏈封蓋/20240417101846.jpg,18,M58-拖鏈封蓋,M58-皮帶拖板,0.3509,False
/mnt/backups/andycw/M58/Real_all_nobg/M58-拖鏈封蓋/20240417101743.jpg,18,M58-拖鏈封蓋,M58-拖鏈封蓋,0.7550,True
/mnt/backups/andycw/M58/Real_all_nobg/M58-拖鏈封蓋/20240417101746.jpg,18,M58-拖鏈封蓋,M58-拖鏈封蓋,0.8504,True
/mnt/backups/andycw/M58/Real_all_nobg/M58-拖鏈封蓋/20240417101749.jpg,18,M58-拖鏈封蓋,M58-拖鏈封蓋,0.7521,True
/mnt/backups/andycw/M58/Real_all_nobg/M58-拖鏈封蓋/20240417101751.jpg,18,M58-拖鏈封蓋,M58-拖鏈封蓋,0.7918,True
/mnt/backups/andycw/M58/Real_all_nobg/M58-拖鏈封蓋/20240417102415.jpg,18,M58-拖鏈封蓋,M58-拖鏈封蓋,0.4854,True
/mnt/backups/andycw/M58/Real_all_nobg/M58-拖鏈封蓋/20240417102411.jpg,18,M58-拖鏈封蓋,M58-拖鏈封蓋,0.3985,True
/mnt/backups/andycw/M58/Real_all_nobg/M58-拖鏈封蓋/20240417102410.jpg,18,M58-拖鏈封蓋,M58-皮帶支撐片,0.4148,False
/mnt/backups/andycw/M58/Real_all_nobg/M58-拖鏈封蓋/20240417102408.jpg,18,M58-拖鏈封蓋,M58-電池固定架2,0.5128,False
/mnt/backups/andycw/M58/Real_all_nobg/M58-拖鏈封蓋/20240417102321.jpg,18,M58-拖鏈封蓋,M58-皮帶支撐片,0.9524,False
/mnt/backups/andycw/M58/Real_all_nobg/M58-拖鏈封蓋/20240417101942.jpg,18,M58-拖鏈封蓋,M58-電池固定架2,0.3099,False
/mnt/backups/andycw/M58/Real_all_nobg/M58-拖鏈封蓋/20240417101939.jpg,18,M58-拖鏈封蓋,M58-下方護蓋1(從動側),0.4864,False
/mnt/backups/andycw/M58/Real_all_nobg/M58-拖鏈封蓋/20240417101927.jpg,18,M58-拖鏈封蓋,M58-皮帶支撐片,0.9123,False
/mnt/backups/andycw/M58/Real_all_nobg/M58-拖鏈封蓋/20240417102404.jpg,18,M58-拖鏈封蓋,M58-拖鏈封蓋,0.7083,True
/mnt/backups/andycw/M58/Real_all_nobg/M58-拖鏈封蓋/20240417102338.jpg,18,M58-拖鏈封蓋,M58-下方護蓋1(從動側),0.5968,False
/mnt/backups/andycw/M58/Real_all_nobg/M58-拖鏈封蓋/20240417102336.jpg,18,M58-拖鏈封蓋,M58-下方護蓋1(從動側),0.5644,False
/mnt/backups/andycw/M58/Real_all_nobg/M58-拖鏈封蓋/20240417102324.jpg,18,M58-拖鏈封蓋,M58-皮帶支撐片,0.8684,False
/mnt/backups/andycw/M58/Real_all_nobg/M58-拖鏈封蓋/20240417102417.jpg,18,M58-拖鏈封蓋,M58-拖鏈封蓋,0.5683,True
/mnt/backups/andycw/M58/Real_all_nobg/M58-拖鏈封蓋/20240417102421.jpg,18,M58-拖鏈封蓋,M58-拖鏈封蓋,0.4722,True
/mnt/backups/andycw/M58/Real_all_nobg/M58-拖鏈封蓋/20240417102424.jpg,18,M58-拖鏈封蓋,M58-拖鏈封蓋,0.5541,True
/mnt/backups/andycw/M58/Real_all_nobg/M58-拖鏈封蓋/20240417102435.jpg,18,M58-拖鏈封蓋,M58-拖鏈封蓋,0.9529,True
/mnt/backups/andycw/M58/Real_all_nobg/M58-拖鏈封蓋/20240417102438.jpg,18,M58-拖鏈封蓋,M58-拖鏈封蓋,0.8544,True
/mnt/backups/andycw/M58/Real_all_nobg/M58-拖鏈封蓋/20240417102439.jpg,18,M58-拖鏈封蓋,M58-拖鏈封蓋,0.8400,True
/mnt/backups/andycw/M58/Real_all_nobg/M58-拖鏈封蓋/20240417102441.jpg,18,M58-拖鏈封蓋,M58-封板支撐柱,0.5252,False
/mnt/backups/andycw/M58/Real_all_nobg/M58-拖鏈封蓋/20240417102442.jpg,18,M58-拖鏈封蓋,M58-拖鏈封蓋,0.8063,True
/mnt/backups/andycw/M58/Real_all_nobg/M58-拖鏈封蓋/20240417102447.jpg,18,M58-拖鏈封蓋,M58-拖鏈封蓋,0.9018,True
/mnt/backups/andycw/M58/Real_all_nobg/M58-拖鏈封蓋/20240417102450.jpg,18,M58-拖鏈封蓋,M58-拖鏈封蓋,0.8605,True
/mnt/backups/andycw/M58/Real_all_nobg/M58-拖鏈封蓋/20240417102455.jpg,18,M58-拖鏈封蓋,M58-拖鏈封蓋,0.8153,True
/mnt/backups/andycw/M58/Real_all_nobg/M58-拖鏈封蓋/20240417102457.jpg,18,M58-拖鏈封蓋,M58-拖鏈封蓋,0.9134,True
/mnt/backups/andycw/M58/Real_all_nobg/M58-拖鏈封蓋/20240417102510.jpg,18,M58-拖鏈封蓋,M58-皮帶支撐片,0.8819,False
/mnt/backups/andycw/M58/Real_all_nobg/M58-拖鏈封蓋/20240417102511.jpg,18,M58-拖鏈封蓋,M58-皮帶支撐片,0.9413,False
/mnt/backups/andycw/M58/Real_all_nobg/M58-拖鏈封蓋/20240417102514.jpg,18,M58-拖鏈封蓋,M58-皮帶支撐片,0.8632,False
/mnt/backups/andycw/M58/Real_all_nobg/M58-拖鏈封蓋/20240417102524.jpg,18,M58-拖鏈封蓋,M58-下方護蓋1(從動側),0.6455,False
/mnt/backups/andycw/M58/Real_all_nobg/M58-拖鏈封蓋/20240417101853.jpg,18,M58-拖鏈封蓋,M58-煞車電阻盤,0.4243,False
/mnt/backups/andycw/M58/Real_all_nobg/M58-拖鏈封蓋/20240417101856.jpg,18,M58-拖鏈封蓋,M58-皮帶支撐片,0.4678,False
/mnt/backups/andycw/M58/Real_all_nobg/M58-拖鏈封蓋/20240417101923.jpg,18,M58-拖鏈封蓋,M58-皮帶支撐片,0.9120,False
/mnt/backups/andycw/M58/Real_all_nobg/M58-拖鏈封蓋/20240417101924.jpg,18,M58-拖鏈封蓋,M58-皮帶支撐片,0.8948,False
/mnt/backups/andycw/M58/Real_all_nobg/M58-拖鏈封蓋/20240417102527.jpg,18,M58-拖鏈封蓋,M58-皮帶支撐片,0.4740,False
/mnt/backups/andycw/M58/Real_all_nobg/M58-拖鏈封蓋/20240417102528.jpg,18,M58-拖鏈封蓋,M58-下方護蓋1(從動側),0.5901,False
/mnt/backups/andycw/M58/Real_all_nobg/M58-拖鏈封蓋/20240417102557.jpg,18,M58-拖鏈封蓋,M58-封板支撐柱,0.7170,False
/mnt/backups/andycw/M58/Real_all_nobg/M58-拖鏈封蓋/20240417102554.jpg,18,M58-拖鏈封蓋,M58-封板支撐柱,0.9395,False
/mnt/backups/andycw/M58/Real_all_nobg/M58-拖鏈封蓋/20240417102611.jpg,18,M58-拖鏈封蓋,M58-封板支撐柱,0.6414,False
/mnt/backups/andycw/M58/Real_all_nobg/M58-拖鏈封蓋/20240417102612.jpg,18,M58-拖鏈封蓋,M58-拖鏈封蓋,0.5981,True
/mnt/backups/andycw/M58/Real_all_nobg/M58-拖鏈封蓋/20240417102609.jpg,18,M58-拖鏈封蓋,M58-封板支撐柱,0.6329,False
/mnt/backups/andycw/M58/Real_all_nobg/M58-拖鏈封蓋/20240417102608.jpg,18,M58-拖鏈封蓋,M58-拖鏈封蓋,0.5041,True
/mnt/backups/andycw/M58/Real_all_nobg/M58-拖鏈封蓋/20240417102606.jpg,18,M58-拖鏈封蓋,M58-封板支撐柱,0.5472,False
/mnt/backups/andycw/M58/Real_all_nobg/M58-拖鏈封蓋/20240417102559.jpg,18,M58-拖鏈封蓋,M58-封板支撐柱,0.9183,False
/mnt/backups/andycw/M58/Real_all_nobg/M58-擺臂下擋塊/20240717112313.jpg,19,M58-擺臂下擋塊,M58-毛刷連接板,0.5684,False
/mnt/backups/andycw/M58/Real_all_nobg/M58-擺臂下擋塊/20240717112325.jpg,19,M58-擺臂下擋塊,M58-毛刷連接板,0.9518,False
/mnt/backups/andycw/M58/Real_all_nobg/M58-擺臂下擋塊/20240717112331.jpg,19,M58-擺臂下擋塊,M58-毛刷連接板,0.8775,False
/mnt/backups/andycw/M58/Real_all_nobg/M58-擺臂下擋塊/20240717112333.jpg,19,M58-擺臂下擋塊,M58-毛刷連接板,0.4247,False
/mnt/backups/andycw/M58/Real_all_nobg/M58-擺臂下擋塊/20240516102720.jpg,19,M58-擺臂下擋塊,M58-毛刷連接板,0.9270,False
/mnt/backups/andycw/M58/Real_all_nobg/M58-擺臂下擋塊/20240516102716.jpg,19,M58-擺臂下擋塊,M58-毛刷連接板,0.8768,False
/mnt/backups/andycw/M58/Real_all_nobg/M58-擺臂下擋塊/20240516102711.jpg,19,M58-擺臂下擋塊,M58-毛刷連接板,0.5386,False
/mnt/backups/andycw/M58/Real_all_nobg/M58-擺臂下擋塊/20240516102707.jpg,19,M58-擺臂下擋塊,M58-Encoder側走行機身,0.5347,False
/mnt/backups/andycw/M58/Real_all_nobg/M58-擺臂下擋塊/20240516102646.jpg,19,M58-擺臂下擋塊,M58-毛刷連接板,0.7418,False
/mnt/backups/andycw/M58/Real_all_nobg/M58-擺臂下擋塊/20240516102647.jpg,19,M58-擺臂下擋塊,M58-毛刷連接板,0.8319,False
/mnt/backups/andycw/M58/Real_all_nobg/M58-擺臂下擋塊/20240516102657.jpg,19,M58-擺臂下擋塊,M58-擺臂下擋塊,0.5020,True
/mnt/backups/andycw/M58/Real_all_nobg/M58-擺臂下擋塊/20240516102702.jpg,19,M58-擺臂下擋塊,M58-毛刷連接板,0.8591,False
/mnt/backups/andycw/M58/Real_all_nobg/M58-擺臂下擋塊/20240516102644.jpg,19,M58-擺臂下擋塊,M58-毛刷連接板,0.8822,False
/mnt/backups/andycw/M58/Real_all_nobg/M58-擺臂下擋塊/20240516102643.jpg,19,M58-擺臂下擋塊,M58-毛刷連接板,0.9290,False
/mnt/backups/andycw/M58/Real_all_nobg/M58-擺臂下擋塊/20240516102622.jpg,19,M58-擺臂下擋塊,M58-毛刷連接板,0.9443,False
/mnt/backups/andycw/M58/Real_all_nobg/M58-擺臂下擋塊/20240516102617.jpg,19,M58-擺臂下擋塊,M58-擺臂下擋塊,0.6406,True
/mnt/backups/andycw/M58/Real_all_nobg/M58-擺臂下擋塊/20240717112335.jpg,19,M58-擺臂下擋塊,M58-毛刷連接板,0.6288,False
/mnt/backups/andycw/M58/Real_all_nobg/M58-擺臂下擋塊/20240717112334.jpg,19,M58-擺臂下擋塊,M58-毛刷連接板,0.4571,False
/mnt/backups/andycw/M58/Real_all_nobg/M58-擺臂下擋塊/20240717112338.jpg,19,M58-擺臂下擋塊,M58-毛刷連接板,0.9525,False
/mnt/backups/andycw/M58/Real_all_nobg/M58-擺臂下擋塊/20240717112342.jpg,19,M58-擺臂下擋塊,M58-毛刷連接板,0.3901,False
/mnt/backups/andycw/M58/Real_all_nobg/M58-擺臂下擋塊/20240717112312.jpg,19,M58-擺臂下擋塊,M58-毛刷連接板,0.8142,False
/mnt/backups/andycw/M58/Real_all_nobg/M58-擺臂下擋塊/20240516102723.jpg,19,M58-擺臂下擋塊,M58-毛刷連接板,0.6919,False
/mnt/backups/andycw/M58/Real_all_nobg/M58-擺臂下擋塊/20240516102623.jpg,19,M58-擺臂下擋塊,M58-毛刷連接板,0.9253,False
/mnt/backups/andycw/M58/Real_all_nobg/M58-擺臂下擋塊/20240516102632.jpg,19,M58-擺臂下擋塊,M58-擺臂下擋塊,0.3308,True
/mnt/backups/andycw/M58/Real_all_nobg/M58-擺臂下擋塊/20240516102633.jpg,19,M58-擺臂下擋塊,M58-毛刷連接板,0.4809,False
/mnt/backups/andycw/M58/Real_all_nobg/M58-擺臂下擋塊/20240516102640.jpg,19,M58-擺臂下擋塊,M58-毛刷連接板,0.4692,False
/mnt/backups/andycw/M58/Real_all_nobg/M58-擺臂部檢知管/20240516104545.jpg,20,M58-擺臂部檢知管,M58-擺臂部檢知管,0.8087,True
/mnt/backups/andycw/M58/Real_all_nobg/M58-擺臂部檢知管/20240516104552.jpg,20,M58-擺臂部檢知管,M58-擺臂部檢知管,0.4342,True
/mnt/backups/andycw/M58/Real_all_nobg/M58-擺臂部檢知管/20240516104513.jpg,20,M58-擺臂部檢知管,M58-擺臂部檢知管,0.4459,True
/mnt/backups/andycw/M58/Real_all_nobg/M58-擺臂部檢知管/20240516104514.jpg,20,M58-擺臂部檢知管,M58-擺臂部檢知管,0.5340,True
/mnt/backups/andycw/M58/Real_all_nobg/M58-擺臂部檢知管/20240516104619.jpg,20,M58-擺臂部檢知管,M58-擺臂部檢知管,0.5929,True
/mnt/backups/andycw/M58/Real_all_nobg/M58-擺臂部檢知管/20240516104622.jpg,20,M58-擺臂部檢知管,M58-擺臂部馬達固定座,0.6058,False
/mnt/backups/andycw/M58/Real_all_nobg/M58-擺臂部檢知管/20240516104653.jpg,20,M58-擺臂部檢知管,M58-擺臂部檢知管,0.4881,True
/mnt/backups/andycw/M58/Real_all_nobg/M58-擺臂部檢知管/20240516104649.jpg,20,M58-擺臂部檢知管,M58-乘載板導條,0.3373,False
/mnt/backups/andycw/M58/Real_all_nobg/M58-擺臂部檢知管/20240516104639.jpg,20,M58-擺臂部檢知管,M58-擺臂部檢知管,0.4614,True
/mnt/backups/andycw/M58/Real_all_nobg/M58-擺臂部檢知管/20240516104638.jpg,20,M58-擺臂部檢知管,M58-擺臂部檢知管,0.4684,True
/mnt/backups/andycw/M58/Real_all_nobg/M58-擺臂部檢知管/20240516104650.jpg,20,M58-擺臂部檢知管,M58-乘載板導條,0.7526,False
/mnt/backups/andycw/M58/Real_all_nobg/M58-擺臂部檢知管/20240516104625.jpg,20,M58-擺臂部檢知管,M58-擺臂部軸心,0.2937,False
/mnt/backups/andycw/M58/Real_all_nobg/M58-擺臂部檢知管/20240516104536.jpg,20,M58-擺臂部檢知管,M58-擺臂部檢知管,0.8550,True
/mnt/backups/andycw/M58/Real_all_nobg/M58-擺臂部檢知管/20240516104531.jpg,20,M58-擺臂部檢知管,M58-擺臂部檢知管,0.7158,True
/mnt/backups/andycw/M58/Real_all_nobg/M58-擺臂部檢知管/20240516104631.jpg,20,M58-擺臂部檢知管,M58-擺臂部檢知管,0.2452,True
/mnt/backups/andycw/M58/Real_all_nobg/M58-擺臂部檢知管/20240516104526.jpg,20,M58-擺臂部檢知管,M58-Encoder側走行機身,0.4849,False
/mnt/backups/andycw/M58/Real_all_nobg/M58-擺臂部檢知管/20240516104521.jpg,20,M58-擺臂部檢知管,M58-擺臂部檢知管,0.6585,True
/mnt/backups/andycw/M58/Real_all_nobg/M58-擺臂部檢知管/20240516104520.jpg,20,M58-擺臂部檢知管,M58-擺臂部軸心,0.4472,False
/mnt/backups/andycw/M58/Real_all_nobg/M58-擺臂部檢知管/20240516104527.jpg,20,M58-擺臂部檢知管,M58-Encoder側走行機身,0.5658,False
/mnt/backups/andycw/M58/Real_all_nobg/M58-擺臂部軸心/20240516104626.jpg,21,M58-擺臂部軸心,M58-擺臂部軸心,0.9403,True
/mnt/backups/andycw/M58/Real_all_nobg/M58-擺臂部軸心/20240516104616.jpg,21,M58-擺臂部軸心,M58-擺臂部軸心,0.4548,True
/mnt/backups/andycw/M58/Real_all_nobg/M58-擺臂部軸心/20240516104617.jpg,21,M58-擺臂部軸心,M58-擺臂部軸心,0.5447,True
/mnt/backups/andycw/M58/Real_all_nobg/M58-擺臂部軸心/20240516104622.jpg,21,M58-擺臂部軸心,M58-擺臂部軸心,0.9288,True
/mnt/backups/andycw/M58/Real_all_nobg/M58-擺臂部軸心/20240516104508.jpg,21,M58-擺臂部軸心,M58-擺臂部軸心,0.7685,True
/mnt/backups/andycw/M58/Real_all_nobg/M58-擺臂部軸心/20240516104509.jpg,21,M58-擺臂部軸心,M58-擺臂部軸心,0.7135,True
/mnt/backups/andycw/M58/Real_all_nobg/M58-擺臂部軸心/20240516104512.jpg,21,M58-擺臂部軸心,M58-擺臂部軸心,0.5603,True
/mnt/backups/andycw/M58/Real_all_nobg/M58-擺臂部軸心/20240516104607.jpg,21,M58-擺臂部軸心,M58-擺臂部軸心,0.9049,True
/mnt/backups/andycw/M58/Real_all_nobg/M58-擺臂部軸心/20240516104603.jpg,21,M58-擺臂部軸心,M58-擺臂部軸心,0.9167,True
/mnt/backups/andycw/M58/Real_all_nobg/M58-擺臂部軸心/20240516104600.jpg,21,M58-擺臂部軸心,M58-擺臂部軸心,0.9416,True
/mnt/backups/andycw/M58/Real_all_nobg/M58-擺臂部軸心/20240516104559.jpg,21,M58-擺臂部軸心,M58-擺臂部軸心,0.9414,True
/mnt/backups/andycw/M58/Real_all_nobg/M58-擺臂部軸心/20240516104538.jpg,21,M58-擺臂部軸心,M58-擺臂部軸心,0.8888,True
/mnt/backups/andycw/M58/Real_all_nobg/M58-擺臂部軸心/20240516104539.jpg,21,M58-擺臂部軸心,M58-擺臂部軸心,0.8180,True
/mnt/backups/andycw/M58/Real_all_nobg/M58-擺臂部軸心/20240516104542.jpg,21,M58-擺臂部軸心,M58-擺臂部軸心,0.9443,True
/mnt/backups/andycw/M58/Real_all_nobg/M58-擺臂部軸心/20240516104555.jpg,21,M58-擺臂部軸心,M58-擺臂部軸心,0.9609,True
/mnt/backups/andycw/M58/Real_all_nobg/M58-擺臂部軸心/20240516104520.jpg,21,M58-擺臂部軸心,M58-擺臂部軸心,0.6613,True
/mnt/backups/andycw/M58/Real_all_nobg/M58-擺臂部軸心/20240516104519.jpg,21,M58-擺臂部軸心,M58-擺臂部軸心,0.5211,True
/mnt/backups/andycw/M58/Real_all_nobg/M58-擺臂部軸心/20240516104524.jpg,21,M58-擺臂部軸心,M58-煞車電阻盤,0.3700,False
/mnt/backups/andycw/M58/Real_all_nobg/M58-擺臂部軸心/20240516104523.jpg,21,M58-擺臂部軸心,M58-擺臂部軸心,0.3999,True
/mnt/backups/andycw/M58/Real_all_nobg/M58-擺臂部軸心/20240516104612.jpg,21,M58-擺臂部軸心,M58-擺臂部軸心,0.8604,True
/mnt/backups/andycw/M58/Real_all_nobg/M58-擺臂部軸心/20240516104611.jpg,21,M58-擺臂部軸心,M58-擺臂部軸心,0.8665,True
/mnt/backups/andycw/M58/Real_all_nobg/M58-擺臂部軸心/20240516104516.jpg,21,M58-擺臂部軸心,M58-擺臂部軸心,0.4546,True
/mnt/backups/andycw/M58/Real_all_nobg/M58-擺臂部軸心/20240516104513.jpg,21,M58-擺臂部軸心,M58-擺臂部軸心,0.5839,True
/mnt/backups/andycw/M58/Real_all_nobg/M58-擺臂部軸心/20240516104535.jpg,21,M58-擺臂部軸心,M58-擺臂部軸心,0.8757,True
/mnt/backups/andycw/M58/Real_all_nobg/M58-擺臂部軸心/20240516104529.jpg,21,M58-擺臂部軸心,M58-FORK驅動軸心,0.7812,False
/mnt/backups/andycw/M58/Real_all_nobg/M58-擺臂部軸承座/20240717143853.jpg,22,M58-擺臂部軸承座,M58-擺臂部檢知管,0.4055,False
/mnt/backups/andycw/M58/Real_all_nobg/M58-擺臂部軸承座/20240717143858.jpg,22,M58-擺臂部軸承座,M58-擺臂部馬達固定座,0.9234,False
/mnt/backups/andycw/M58/Real_all_nobg/M58-擺臂部軸承座/20240717143938.jpg,22,M58-擺臂部軸承座,M58-擺臂部馬達固定座,0.7002,False
/mnt/backups/andycw/M58/Real_all_nobg/M58-擺臂部軸承座/20240717143933.jpg,22,M58-擺臂部軸承座,M58-擺臂部馬達固定座,0.7233,False
/mnt/backups/andycw/M58/Real_all_nobg/M58-擺臂部軸承座/20240717143925.jpg,22,M58-擺臂部軸承座,M58-擺臂部馬達固定座,0.7139,False
/mnt/backups/andycw/M58/Real_all_nobg/M58-擺臂部軸承座/20240717143930.jpg,22,M58-擺臂部軸承座,M58-擺臂部馬達固定座,0.5570,False
/mnt/backups/andycw/M58/Real_all_nobg/M58-擺臂部軸承座/20240717143918.jpg,22,M58-擺臂部軸承座,M58-擺臂部馬達固定座,0.7697,False
/mnt/backups/andycw/M58/Real_all_nobg/M58-擺臂部軸承座/20240717143919.jpg,22,M58-擺臂部軸承座,M58-擺臂部馬達固定座,0.4636,False
/mnt/backups/andycw/M58/Real_all_nobg/M58-擺臂部軸承座/20240717143908.jpg,22,M58-擺臂部軸承座,M58-擺臂部馬達固定座,0.9352,False
/mnt/backups/andycw/M58/Real_all_nobg/M58-擺臂部軸承座/20240717143902.jpg,22,M58-擺臂部軸承座,M58-擺臂部馬達固定座,0.8974,False
/mnt/backups/andycw/M58/Real_all_nobg/M58-擺臂部軸承座/20240516105627.jpg,22,M58-擺臂部軸承座,M58-擺臂部馬達固定座,0.5024,False
/mnt/backups/andycw/M58/Real_all_nobg/M58-擺臂部軸承座/20240516105624.jpg,22,M58-擺臂部軸承座,M58-Fork馬達固定板,0.3641,False
/mnt/backups/andycw/M58/Real_all_nobg/M58-擺臂部軸承座/20240717143942.jpg,22,M58-擺臂部軸承座,M58-擺臂部馬達固定座,0.9351,False
/mnt/backups/andycw/M58/Real_all_nobg/M58-擺臂部軸承座/20240717143948.jpg,22,M58-擺臂部軸承座,M58-電池固定架2,0.8580,False
/mnt/backups/andycw/M58/Real_all_nobg/M58-擺臂部軸承座/20240516105526.jpg,22,M58-擺臂部軸承座,M58-擺臂部馬達固定座,0.3052,False
/mnt/backups/andycw/M58/Real_all_nobg/M58-擺臂部軸承座/20240516105521.jpg,22,M58-擺臂部軸承座,M58-擺臂部馬達固定座,0.9572,False
/mnt/backups/andycw/M58/Real_all_nobg/M58-擺臂部軸承座/20240516105536.jpg,22,M58-擺臂部軸承座,M58-煞車電阻盤,0.5452,False
/mnt/backups/andycw/M58/Real_all_nobg/M58-擺臂部軸承座/20240516105531.jpg,22,M58-擺臂部軸承座,M58-擺臂部馬達固定座,0.8524,False
/mnt/backups/andycw/M58/Real_all_nobg/M58-擺臂部軸承座/20240516105553.jpg,22,M58-擺臂部軸承座,M58-擺臂部馬達固定座,0.9777,False
/mnt/backups/andycw/M58/Real_all_nobg/M58-擺臂部軸承座/20240516105558.jpg,22,M58-擺臂部軸承座,M58-擺臂部馬達固定座,0.9557,False
/mnt/backups/andycw/M58/Real_all_nobg/M58-擺臂部軸承座/20240516105541.jpg,22,M58-擺臂部軸承座,M58-擺臂部馬達固定座,0.9847,False
/mnt/backups/andycw/M58/Real_all_nobg/M58-擺臂部軸承座/20240516105545.jpg,22,M58-擺臂部軸承座,M58-擺臂部馬達固定座,0.8650,False
/mnt/backups/andycw/M58/Real_all_nobg/M58-擺臂部軸承座/20240717143914.jpg,22,M58-擺臂部軸承座,M58-電池固定架2,0.4578,False
/mnt/backups/andycw/M58/Real_all_nobg/M58-擺臂部軸承座/20240717143909.jpg,22,M58-擺臂部軸承座,M58-擺臂部馬達固定座,0.8969,False
/mnt/backups/andycw/M58/Real_all_nobg/M58-擺臂部軸承座/20240516105632.jpg,22,M58-擺臂部軸承座,M58-擺臂部馬達固定座,0.9176,False
/mnt/backups/andycw/M58/Real_all_nobg/M58-擺臂部軸承座/20240516105636.jpg,22,M58-擺臂部軸承座,M58-擺臂部馬達固定座,0.9873,False
/mnt/backups/andycw/M58/Real_all_nobg/M58-擺臂部軸承座/20240516105603.jpg,22,M58-擺臂部軸承座,M58-擺臂部馬達固定座,0.1909,False
/mnt/backups/andycw/M58/Real_all_nobg/M58-擺臂部軸承座/20240516105608.jpg,22,M58-擺臂部軸承座,M58-擺臂部馬達固定座,0.9005,False
/mnt/backups/andycw/M58/Real_all_nobg/M58-擺臂部軸承座/20240516105619.jpg,22,M58-擺臂部軸承座,M58-擺臂部馬達固定座,0.9894,False
/mnt/backups/andycw/M58/Real_all_nobg/M58-擺臂部軸承座/20240516105612.jpg,22,M58-擺臂部軸承座,M58-擺臂部馬達固定座,0.9367,False
/mnt/backups/andycw/M58/Real_all_nobg/M58-擺臂部馬達固定座/20240516103838.jpg,23,M58-擺臂部馬達固定座,M58-擺臂部馬達固定座,0.9822,True
/mnt/backups/andycw/M58/Real_all_nobg/M58-擺臂部馬達固定座/20240516103834.jpg,23,M58-擺臂部馬達固定座,M58-擺臂部馬達固定座,0.7471,True
/mnt/backups/andycw/M58/Real_all_nobg/M58-擺臂部馬達固定座/20240516103743.jpg,23,M58-擺臂部馬達固定座,M58-擺臂部馬達固定座,0.9714,True
/mnt/backups/andycw/M58/Real_all_nobg/M58-擺臂部馬達固定座/20240516103747.jpg,23,M58-擺臂部馬達固定座,M58-擺臂部馬達固定座,0.6606,True
/mnt/backups/andycw/M58/Real_all_nobg/M58-擺臂部馬達固定座/20240516103806.jpg,23,M58-擺臂部馬達固定座,M58-擺臂部馬達固定座,0.9898,True
/mnt/backups/andycw/M58/Real_all_nobg/M58-擺臂部馬達固定座/20240516103812.jpg,23,M58-擺臂部馬達固定座,M58-擺臂部馬達固定座,0.9670,True
/mnt/backups/andycw/M58/Real_all_nobg/M58-擺臂部馬達固定座/20240516103817.jpg,23,M58-擺臂部馬達固定座,M58-擺臂部馬達固定座,0.5404,True
/mnt/backups/andycw/M58/Real_all_nobg/M58-擺臂部馬達固定座/20240516103823.jpg,23,M58-擺臂部馬達固定座,M58-擺臂部馬達固定座,0.8540,True
/mnt/backups/andycw/M58/Real_all_nobg/M58-擺臂部馬達固定座/20240516103802.jpg,23,M58-擺臂部馬達固定座,M58-擺臂部馬達固定座,0.9176,True
/mnt/backups/andycw/M58/Real_all_nobg/M58-擺臂部馬達固定座/20240516103801.jpg,23,M58-擺臂部馬達固定座,M58-擺臂部馬達固定座,0.9603,True
/mnt/backups/andycw/M58/Real_all_nobg/M58-擺臂部馬達固定座/20240516103757.jpg,23,M58-擺臂部馬達固定座,M58-擺臂部馬達固定座,0.9305,True
/mnt/backups/andycw/M58/Real_all_nobg/M58-擺臂部馬達固定座/20240516103751.jpg,23,M58-擺臂部馬達固定座,M58-擺臂部馬達固定座,0.9220,True
/mnt/backups/andycw/M58/Real_all_nobg/M58-擺臂部馬達固定座/20240516103851.jpg,23,M58-擺臂部馬達固定座,M58-擺臂部馬達固定座,0.5112,True
/mnt/backups/andycw/M58/Real_all_nobg/M58-擺臂部馬達固定座/20240516103855.jpg,23,M58-擺臂部馬達固定座,M58-擺臂部馬達固定座,0.7669,True
/mnt/backups/andycw/M58/Real_all_nobg/M58-擺臂部馬達固定座/20240516103856.jpg,23,M58-擺臂部馬達固定座,M58-擺臂部馬達固定座,0.8909,True
/mnt/backups/andycw/M58/Real_all_nobg/M58-擺臂部馬達固定座/20240516103906.jpg,23,M58-擺臂部馬達固定座,M58-擺臂部馬達固定座,0.4018,True
/mnt/backups/andycw/M58/Real_all_nobg/M58-擺臂部馬達固定座/20240516103852.jpg,23,M58-擺臂部馬達固定座,M58-擺臂部馬達固定座,0.5150,True
/mnt/backups/andycw/M58/Real_all_nobg/M58-擺臂部馬達固定座/20240516103909.jpg,23,M58-擺臂部馬達固定座,M58-毛刷連接板,0.7986,False
/mnt/backups/andycw/M58/Real_all_nobg/M58-擺臂部馬達固定座/20240516103908.jpg,23,M58-擺臂部馬達固定座,M58-毛刷連接板,0.6869,False
/mnt/backups/andycw/M58/Real_all_nobg/M58-擺臂部馬達固定座/20240516103907.jpg,23,M58-擺臂部馬達固定座,M58-毛刷連接板,0.5113,False
/mnt/backups/andycw/M58/Real_all_nobg/M58-擺臂部馬達固定座/20240516103738.jpg,23,M58-擺臂部馬達固定座,M58-擺臂部馬達固定座,0.9796,True
/mnt/backups/andycw/M58/Real_all_nobg/M58-擺臂部馬達固定座/20240516103846.jpg,23,M58-擺臂部馬達固定座,M58-擺臂部馬達固定座,0.9680,True
/mnt/backups/andycw/M58/Real_all_nobg/M58-擺臂部馬達固定座/20240516103829.jpg,23,M58-擺臂部馬達固定座,M58-擺臂部馬達固定座,0.9835,True
/mnt/backups/andycw/M58/Real_all_nobg/M58-擺臂部馬達固定座/20240516103828.jpg,23,M58-擺臂部馬達固定座,M58-擺臂部馬達固定座,0.9146,True
/mnt/backups/andycw/M58/Real_all_nobg/M58-擺臂部馬達固定座/20240516103839.jpg,23,M58-擺臂部馬達固定座,M58-擺臂部馬達固定座,0.9744,True
/mnt/backups/andycw/M58/Real_all_nobg/M58-擺臂部馬達固定座/20240516103734.jpg,23,M58-擺臂部馬達固定座,M58-擺臂部馬達固定座,0.9810,True
/mnt/backups/andycw/M58/Real_all_nobg/M58-擺臂部馬達固定座/20240516103842.jpg,23,M58-擺臂部馬達固定座,M58-擺臂部馬達固定座,0.9845,True
/mnt/backups/andycw/M58/Real_all_nobg/M58-毛刷/20240702104413.jpg,24,M58-毛刷,M58-電池固定架1,0.6471,False
/mnt/backups/andycw/M58/Real_all_nobg/M58-毛刷/20240717145039.jpg,24,M58-毛刷,M58-毛刷,0.2924,True
/mnt/backups/andycw/M58/Real_all_nobg/M58-毛刷/20240717145040.jpg,24,M58-毛刷,M58-毛刷,0.1993,True
/mnt/backups/andycw/M58/Real_all_nobg/M58-毛刷/20240717145029.jpg,24,M58-毛刷,M58-電池固定架1,0.2286,False
/mnt/backups/andycw/M58/Real_all_nobg/M58-毛刷/20240717145024.jpg,24,M58-毛刷,M58-毛刷,0.5360,True
/mnt/backups/andycw/M58/Real_all_nobg/M58-毛刷/20240717145036.jpg,24,M58-毛刷,M58-毛刷,0.4221,True
/mnt/backups/andycw/M58/Real_all_nobg/M58-毛刷/20240717145033.jpg,24,M58-毛刷,M58-電池固定架1,0.6137,False
/mnt/backups/andycw/M58/Real_all_nobg/M58-毛刷/20240702104355.jpg,24,M58-毛刷,M58-電池固定架1,0.2092,False
/mnt/backups/andycw/M58/Real_all_nobg/M58-毛刷/20240702104354.jpg,24,M58-毛刷,M58-電池固定架1,0.3463,False
/mnt/backups/andycw/M58/Real_all_nobg/M58-毛刷/20240717145020.jpg,24,M58-毛刷,M58-側邊導輪固定座擋塊,0.3081,False
/mnt/backups/andycw/M58/Real_all_nobg/M58-毛刷/20240702104423.jpg,24,M58-毛刷,M58-毛刷,0.8498,True
/mnt/backups/andycw/M58/Real_all_nobg/M58-毛刷/20240702104419.jpg,24,M58-毛刷,M58-毛刷,0.3230,True
/mnt/backups/andycw/M58/Real_all_nobg/M58-毛刷/20240702104350.jpg,24,M58-毛刷,M58-電池固定架1,0.1878,False
/mnt/backups/andycw/M58/Real_all_nobg/M58-毛刷/20240702104359.jpg,24,M58-毛刷,M58-毛刷,0.9742,True
/mnt/backups/andycw/M58/Real_all_nobg/M58-毛刷/20240702104358.jpg,24,M58-毛刷,M58-毛刷,0.9842,True
/mnt/backups/andycw/M58/Real_all_nobg/M58-毛刷連接板/20240702104501.jpg,25,M58-毛刷連接板,M58-毛刷連接板,0.4835,True
/mnt/backups/andycw/M58/Real_all_nobg/M58-毛刷連接板/20240702104450.jpg,25,M58-毛刷連接板,M58-Fork機身-1,0.6218,False
/mnt/backups/andycw/M58/Real_all_nobg/M58-毛刷連接板/20240717145127.jpg,25,M58-毛刷連接板,M58-乘載板,0.6509,False
/mnt/backups/andycw/M58/Real_all_nobg/M58-毛刷連接板/20240717145131.jpg,25,M58-毛刷連接板,M58-毛刷連接板,0.9571,True
/mnt/backups/andycw/M58/Real_all_nobg/M58-毛刷連接板/20240717145134.jpg,25,M58-毛刷連接板,M58-毛刷連接板,0.5965,True
/mnt/backups/andycw/M58/Real_all_nobg/M58-毛刷連接板/20240702104524.jpg,25,M58-毛刷連接板,M58-毛刷連接板,0.9862,True
/mnt/backups/andycw/M58/Real_all_nobg/M58-毛刷連接板/20240717145115.jpg,25,M58-毛刷連接板,M58-毛刷連接板,0.6935,True
/mnt/backups/andycw/M58/Real_all_nobg/M58-毛刷連接板/20240702104535.jpg,25,M58-毛刷連接板,M58-毛刷連接板,0.7919,True
/mnt/backups/andycw/M58/Real_all_nobg/M58-毛刷連接板/20240702104528.jpg,25,M58-毛刷連接板,M58-毛刷連接板,0.7367,True
/mnt/backups/andycw/M58/Real_all_nobg/M58-毛刷連接板/20240702104455.jpg,25,M58-毛刷連接板,M58-毛刷連接板,0.8690,True
/mnt/backups/andycw/M58/Real_all_nobg/M58-毛刷連接板/20240702104519.jpg,25,M58-毛刷連接板,M58-毛刷連接板,0.8977,True
/mnt/backups/andycw/M58/Real_all_nobg/M58-毛刷連接板/20240702104516.jpg,25,M58-毛刷連接板,M58-毛刷連接板,0.9773,True
/mnt/backups/andycw/M58/Real_all_nobg/M58-毛刷連接板/20240702104443.jpg,25,M58-毛刷連接板,M58-毛刷連接板,0.8019,True
/mnt/backups/andycw/M58/Real_all_nobg/M58-毛刷連接板/20240702104510.jpg,25,M58-毛刷連接板,M58-毛刷連接板,0.9865,True
/mnt/backups/andycw/M58/Real_all_nobg/M58-毛刷連接板/20240702104506.jpg,25,M58-毛刷連接板,M58-毛刷連接板,0.8236,True
/mnt/backups/andycw/M58/Real_all_nobg/M58-毛刷連接板/20240702104502.jpg,25,M58-毛刷連接板,M58-毛刷連接板,0.8280,True
/mnt/backups/andycw/M58/Real_all_nobg/M58-毛刷連接板/20240702104515.jpg,25,M58-毛刷連接板,M58-毛刷連接板,0.9687,True
/mnt/backups/andycw/M58/Real_all_nobg/M58-煞車電阻盤/20240717151111.jpg,26,M58-煞車電阻盤,M58-皮帶拖板,0.6880,False
/mnt/backups/andycw/M58/Real_all_nobg/M58-煞車電阻盤/20240717151124.jpg,26,M58-煞車電阻盤,M58-煞車電阻盤,0.7319,True
/mnt/backups/andycw/M58/Real_all_nobg/M58-煞車電阻盤/20240717151125.jpg,26,M58-煞車電阻盤,M58-煞車電阻盤,0.7683,True
/mnt/backups/andycw/M58/Real_all_nobg/M58-煞車電阻盤/20240717151129.jpg,26,M58-煞車電阻盤,M58-煞車電阻盤,0.9999,True
/mnt/backups/andycw/M58/Real_all_nobg/M58-煞車電阻盤/20240717151132.jpg,26,M58-煞車電阻盤,M58-煞車電阻盤,0.9999,True
/mnt/backups/andycw/M58/Real_all_nobg/M58-煞車電阻盤/20240516114823.jpg,26,M58-煞車電阻盤,M58-下方護蓋1(從動側),0.7214,False
/mnt/backups/andycw/M58/Real_all_nobg/M58-煞車電阻盤/20240717151053.jpg,26,M58-煞車電阻盤,M58-Fork機身-2,0.4530,False
/mnt/backups/andycw/M58/Real_all_nobg/M58-煞車電阻盤/20240717151106.jpg,26,M58-煞車電阻盤,M58-皮帶支撐片,0.4700,False
/mnt/backups/andycw/M58/Real_all_nobg/M58-煞車電阻盤/20240717151110.jpg,26,M58-煞車電阻盤,M58-皮帶拖板,0.6951,False
/mnt/backups/andycw/M58/Real_all_nobg/M58-煞車電阻盤/20240717151119.jpg,26,M58-煞車電阻盤,M58-皮帶拖板,0.7955,False
/mnt/backups/andycw/M58/Real_all_nobg/M58-煞車電阻盤/20240717151118.jpg,26,M58-煞車電阻盤,M58-皮帶支撐片,0.6094,False
/mnt/backups/andycw/M58/Real_all_nobg/M58-煞車電阻盤/20240717151114.jpg,26,M58-煞車電阻盤,M58-皮帶拖板,0.4772,False
/mnt/backups/andycw/M58/Real_all_nobg/M58-煞車電阻盤/20240717151058.jpg,26,M58-煞車電阻盤,M58-煞車電阻盤,0.3984,True
/mnt/backups/andycw/M58/Real_all_nobg/M58-煞車電阻盤/20240516114721.jpg,26,M58-煞車電阻盤,M58-加熱器固定板,0.5486,False
/mnt/backups/andycw/M58/Real_all_nobg/M58-煞車電阻盤/20240516114711.jpg,26,M58-煞車電阻盤,M58-煞車電阻盤,0.8694,True
/mnt/backups/andycw/M58/Real_all_nobg/M58-煞車電阻盤/20240516114731.jpg,26,M58-煞車電阻盤,M58-電池固定架1,0.4943,False
/mnt/backups/andycw/M58/Real_all_nobg/M58-煞車電阻盤/20240516114723.jpg,26,M58-煞車電阻盤,M58-FORK定位固定片,0.3942,False
/mnt/backups/andycw/M58/Real_all_nobg/M58-煞車電阻盤/20240516114707.jpg,26,M58-煞車電阻盤,M58-Fork機身-2,0.3041,False
/mnt/backups/andycw/M58/Real_all_nobg/M58-煞車電阻盤/20240516114710.jpg,26,M58-煞車電阻盤,M58-煞車電阻盤,0.6985,True
/mnt/backups/andycw/M58/Real_all_nobg/M58-煞車電阻盤/20240516114734.jpg,26,M58-煞車電阻盤,M58-加熱器固定板,0.4610,False
/mnt/backups/andycw/M58/Real_all_nobg/M58-煞車電阻盤/20240516114741.jpg,26,M58-煞車電阻盤,M58-煞車電阻盤,0.9329,True
/mnt/backups/andycw/M58/Real_all_nobg/M58-煞車電阻盤/20240516114754.jpg,26,M58-煞車電阻盤,M58-電池固定架1,0.5526,False
/mnt/backups/andycw/M58/Real_all_nobg/M58-煞車電阻盤/20240516114751.jpg,26,M58-煞車電阻盤,M58-電池固定架1,0.6440,False
/mnt/backups/andycw/M58/Real_all_nobg/M58-煞車電阻盤/20240516114744.jpg,26,M58-煞車電阻盤,M58-煞車電阻盤,0.7328,True
/mnt/backups/andycw/M58/Real_all_nobg/M58-煞車電阻盤/20240516114743.jpg,26,M58-煞車電阻盤,M58-電池固定架1,0.6190,False
/mnt/backups/andycw/M58/Real_all_nobg/M58-煞車電阻盤/20240516114800.jpg,26,M58-煞車電阻盤,M58-煞車電阻盤,0.9476,True
/mnt/backups/andycw/M58/Real_all_nobg/M58-煞車電阻盤/20240516114802.jpg,26,M58-煞車電阻盤,M58-煞車電阻盤,0.9280,True
/mnt/backups/andycw/M58/Real_all_nobg/M58-煞車電阻盤/20240516114807.jpg,26,M58-煞車電阻盤,M58-Fork馬達固定板,0.7565,False
/mnt/backups/andycw/M58/Real_all_nobg/M58-煞車電阻盤/20240516114811.jpg,26,M58-煞車電阻盤,M58-FORK定位固定片,0.3990,False
/mnt/backups/andycw/M58/Real_all_nobg/M58-煞車電阻盤/20240717151101.jpg,26,M58-煞車電阻盤,M58-Fork機身-2,0.8806,False
/mnt/backups/andycw/M58/Real_all_nobg/M58-煞車電阻盤/20240717151105.jpg,26,M58-煞車電阻盤,M58-皮帶拖板,0.5853,False
/mnt/backups/andycw/M58/Real_all_nobg/M58-煞車電阻盤/20240717151054.jpg,26,M58-煞車電阻盤,M58-下方護蓋1(從動側),0.9298,False
/mnt/backups/andycw/M58/Real_all_nobg/M58-煞車電阻盤/20240516114705.jpg,26,M58-煞車電阻盤,M58-煞車電阻盤,0.9568,True
/mnt/backups/andycw/M58/Real_all_nobg/M58-皮帶拖板/20240516110133.jpg,27,M58-皮帶拖板,M58-皮帶拖板,0.9438,True
/mnt/backups/andycw/M58/Real_all_nobg/M58-皮帶拖板/20240516110131.jpg,27,M58-皮帶拖板,M58-電池固定架2,0.7663,False
/mnt/backups/andycw/M58/Real_all_nobg/M58-皮帶拖板/20240516110123.jpg,27,M58-皮帶拖板,M58-電池固定架2,0.4319,False
/mnt/backups/andycw/M58/Real_all_nobg/M58-皮帶拖板/20240516110120.jpg,27,M58-皮帶拖板,M58-Fork機身-2,0.5729,False
/mnt/backups/andycw/M58/Real_all_nobg/M58-皮帶拖板/20240516110117.jpg,27,M58-皮帶拖板,M58-Fork機身-2,0.8423,False
/mnt/backups/andycw/M58/Real_all_nobg/M58-皮帶拖板/20240516110115.jpg,27,M58-皮帶拖板,M58-皮帶拖板,0.8623,True
/mnt/backups/andycw/M58/Real_all_nobg/M58-皮帶拖板/20240516110114.jpg,27,M58-皮帶拖板,M58-皮帶拖板,0.8282,True
/mnt/backups/andycw/M58/Real_all_nobg/M58-皮帶拖板/20240516110113.jpg,27,M58-皮帶拖板,M58-下封板,0.4699,False
/mnt/backups/andycw/M58/Real_all_nobg/M58-皮帶拖板/20240516110049.jpg,27,M58-皮帶拖板,M58-皮帶拖板,0.6774,True
/mnt/backups/andycw/M58/Real_all_nobg/M58-皮帶拖板/20240516110105.jpg,27,M58-皮帶拖板,M58-Fork機身-2,0.4486,False
/mnt/backups/andycw/M58/Real_all_nobg/M58-皮帶拖板/20240516110106.jpg,27,M58-皮帶拖板,M58-Fork機身-2,0.7343,False
/mnt/backups/andycw/M58/Real_all_nobg/M58-皮帶拖板/20240516110112.jpg,27,M58-皮帶拖板,M58-下封板,0.5589,False
/mnt/backups/andycw/M58/Real_all_nobg/M58-皮帶拖板/20240516110042.jpg,27,M58-皮帶拖板,M58-皮帶拖板,0.8132,True
/mnt/backups/andycw/M58/Real_all_nobg/M58-皮帶拖板/20240516110041.jpg,27,M58-皮帶拖板,M58-皮帶拖板,0.8920,True
/mnt/backups/andycw/M58/Real_all_nobg/M58-皮帶拖板/20240516110046.jpg,27,M58-皮帶拖板,M58-下封板,0.3089,False
/mnt/backups/andycw/M58/Real_all_nobg/M58-皮帶拖板/20240516110045.jpg,27,M58-皮帶拖板,M58-皮帶拖板,0.4423,True
/mnt/backups/andycw/M58/Real_all_nobg/M58-皮帶拖板/20240516110137.jpg,27,M58-皮帶拖板,M58-皮帶拖板,0.9636,True
/mnt/backups/andycw/M58/Real_all_nobg/M58-皮帶拖板/20240516110134.jpg,27,M58-皮帶拖板,M58-皮帶拖板,0.9011,True
/mnt/backups/andycw/M58/Real_all_nobg/M58-皮帶拖板/20240516110141.jpg,27,M58-皮帶拖板,M58-電池固定架2,0.7720,False
/mnt/backups/andycw/M58/Real_all_nobg/M58-皮帶拖板/20240516110140.jpg,27,M58-皮帶拖板,M58-Fork機身-2,0.6947,False
/mnt/backups/andycw/M58/Real_all_nobg/M58-皮帶拖板/20240516110034.jpg,27,M58-皮帶拖板,M58-下封板,0.8244,False
/mnt/backups/andycw/M58/Real_all_nobg/M58-皮帶拖板/20240516110038.jpg,27,M58-皮帶拖板,M58-皮帶拖板,0.8596,True
/mnt/backups/andycw/M58/Real_all_nobg/M58-皮帶支撐片/20240516105757.jpg,28,M58-皮帶支撐片,M58-封板支撐柱,0.7359,False
/mnt/backups/andycw/M58/Real_all_nobg/M58-皮帶支撐片/20240516105800.jpg,28,M58-皮帶支撐片,M58-封板支撐柱,0.6559,False
/mnt/backups/andycw/M58/Real_all_nobg/M58-皮帶支撐片/20240516105807.jpg,28,M58-皮帶支撐片,M58-從動側走行機身,0.2822,False
/mnt/backups/andycw/M58/Real_all_nobg/M58-皮帶支撐片/20240516105808.jpg,28,M58-皮帶支撐片,M58-從動側走行機身,0.6633,False
/mnt/backups/andycw/M58/Real_all_nobg/M58-皮帶支撐片/20240516105814.jpg,28,M58-皮帶支撐片,M58-Fork機身-2,0.6851,False
/mnt/backups/andycw/M58/Real_all_nobg/M58-皮帶支撐片/20240516105822.jpg,28,M58-皮帶支撐片,M58-封板支撐柱,0.6325,False
/mnt/backups/andycw/M58/Real_all_nobg/M58-皮帶支撐片/20240516105910.jpg,28,M58-皮帶支撐片,M58-封板支撐柱,0.9952,False
/mnt/backups/andycw/M58/Real_all_nobg/M58-皮帶支撐片/20240516105905.jpg,28,M58-皮帶支撐片,M58-毛刷連接板,0.2771,False
/mnt/backups/andycw/M58/Real_all_nobg/M58-皮帶支撐片/20240516105900.jpg,28,M58-皮帶支撐片,M58-驅動側外殼,0.4818,False
/mnt/backups/andycw/M58/Real_all_nobg/M58-皮帶支撐片/20240516105857.jpg,28,M58-皮帶支撐片,M58-封板支撐柱,0.3609,False
/mnt/backups/andycw/M58/Real_all_nobg/M58-皮帶支撐片/20240516105854.jpg,28,M58-皮帶支撐片,M58-封板支撐柱,0.8249,False
/mnt/backups/andycw/M58/Real_all_nobg/M58-皮帶支撐片/20240516105851.jpg,28,M58-皮帶支撐片,M58-從動側走行機身,0.2981,False
/mnt/backups/andycw/M58/Real_all_nobg/M58-皮帶支撐片/20240516105850.jpg,28,M58-皮帶支撐片,M58-皮帶拖板,0.4061,False
/mnt/backups/andycw/M58/Real_all_nobg/M58-皮帶支撐片/20240516105848.jpg,28,M58-皮帶支撐片,M58-Fork機身-2,0.4399,False
/mnt/backups/andycw/M58/Real_all_nobg/M58-皮帶支撐片/20240516105846.jpg,28,M58-皮帶支撐片,M58-封板支撐柱,0.4609,False
/mnt/backups/andycw/M58/Real_all_nobg/M58-皮帶支撐片/20240516105844.jpg,28,M58-皮帶支撐片,M58-封板支撐柱,0.4888,False
/mnt/backups/andycw/M58/Real_all_nobg/M58-皮帶支撐片/20240516105825.jpg,28,M58-皮帶支撐片,M58-皮帶拖板,0.5556,False
/mnt/backups/andycw/M58/Real_all_nobg/M58-皮帶支撐片/20240516105835.jpg,28,M58-皮帶支撐片,M58-皮帶拖板,0.5986,False
/mnt/backups/andycw/M58/Real_all_nobg/M58-皮帶支撐片/20240516105841.jpg,28,M58-皮帶支撐片,M58-封板支撐柱,0.9935,False
/mnt/backups/andycw/M58/Real_all_nobg/M58-皮帶支撐片/20240516105914.jpg,28,M58-皮帶支撐片,M58-封板支撐柱,0.5138,False
/mnt/backups/andycw/M58/Real_all_nobg/M58-皮帶支撐片/20240516105831.jpg,28,M58-皮帶支撐片,M58-封板支撐柱,0.9333,False
/mnt/backups/andycw/M58/Real_all_nobg/M58-皮帶支撐片/20240516105826.jpg,28,M58-皮帶支撐片,M58-Fork機身-2,0.5053,False
/mnt/backups/andycw/M58/Real_all_nobg/M58-皮帶支撐片/20240516105832.jpg,28,M58-皮帶支撐片,M58-封板支撐柱,0.3019,False
/mnt/backups/andycw/M58/Real_all_nobg/M58-調整螺絲固定塊/20240717145533.jpg,29,M58-調整螺絲固定塊,M58-側邊導輪固定座擋塊,0.2903,False
/mnt/backups/andycw/M58/Real_all_nobg/M58-調整螺絲固定塊/20240702105244.jpg,29,M58-調整螺絲固定塊,M58-毛刷連接板,0.9133,False
/mnt/backups/andycw/M58/Real_all_nobg/M58-調整螺絲固定塊/20240717145528.jpg,29,M58-調整螺絲固定塊,M58-毛刷連接板,0.8388,False
/mnt/backups/andycw/M58/Real_all_nobg/M58-調整螺絲固定塊/20240717145527.jpg,29,M58-調整螺絲固定塊,M58-毛刷連接板,0.9217,False
/mnt/backups/andycw/M58/Real_all_nobg/M58-調整螺絲固定塊/20240717145522.jpg,29,M58-調整螺絲固定塊,M58-側邊導輪固定座擋塊,0.4330,False
/mnt/backups/andycw/M58/Real_all_nobg/M58-調整螺絲固定塊/20240717145517.jpg,29,M58-調整螺絲固定塊,M58-毛刷連接板,0.8131,False
/mnt/backups/andycw/M58/Real_all_nobg/M58-調整螺絲固定塊/20240717145516.jpg,29,M58-調整螺絲固定塊,M58-毛刷連接板,0.4462,False
/mnt/backups/andycw/M58/Real_all_nobg/M58-調整螺絲固定塊/20240717145511.jpg,29,M58-調整螺絲固定塊,M58-擺臂部馬達固定座,0.2760,False
/mnt/backups/andycw/M58/Real_all_nobg/M58-調整螺絲固定塊/20240702105251.jpg,29,M58-調整螺絲固定塊,M58-毛刷連接板,0.6399,False
/mnt/backups/andycw/M58/Real_all_nobg/M58-調整螺絲固定塊/20240717145546.jpg,29,M58-調整螺絲固定塊,M58-毛刷連接板,0.5722,False
/mnt/backups/andycw/M58/Real_all_nobg/M58-調整螺絲固定塊/20240717145543.jpg,29,M58-調整螺絲固定塊,M58-毛刷連接板,0.8010,False
/mnt/backups/andycw/M58/Real_all_nobg/M58-調整螺絲固定塊/20240717145538.jpg,29,M58-調整螺絲固定塊,M58-擺臂下擋塊,0.3901,False
/mnt/backups/andycw/M58/Real_all_nobg/M58-調整螺絲固定塊/20240717145542.jpg,29,M58-調整螺絲固定塊,M58-毛刷連接板,0.9271,False
/mnt/backups/andycw/M58/Real_all_nobg/M58-調整螺絲固定塊/20240717145554.jpg,29,M58-調整螺絲固定塊,M58-從動側FORK機身,0.2278,False
/mnt/backups/andycw/M58/Real_all_nobg/M58-調整螺絲固定塊/20240717145550.jpg,29,M58-調整螺絲固定塊,M58-從動側FORK機身,0.5136,False
/mnt/backups/andycw/M58/Real_all_nobg/M58-調整螺絲固定塊/20240702105206.jpg,29,M58-調整螺絲固定塊,M58-毛刷連接板,0.2201,False
/mnt/backups/andycw/M58/Real_all_nobg/M58-調整螺絲固定塊/20240702105205.jpg,29,M58-調整螺絲固定塊,M58-毛刷連接板,0.3276,False
/mnt/backups/andycw/M58/Real_all_nobg/M58-調整螺絲固定塊/20240702105200.jpg,29,M58-調整螺絲固定塊,M58-調整螺絲固定塊,0.3864,True
/mnt/backups/andycw/M58/Real_all_nobg/M58-調整螺絲固定塊/20240702105238.jpg,29,M58-調整螺絲固定塊,M58-側邊導輪固定板,0.3669,False
/mnt/backups/andycw/M58/Real_all_nobg/M58-調整螺絲固定塊/20240702105230.jpg,29,M58-調整螺絲固定塊,M58-擺臂部軸心,0.2987,False
/mnt/backups/andycw/M58/Real_all_nobg/M58-調整螺絲固定塊/20240702105229.jpg,29,M58-調整螺絲固定塊,M58-擺臂部軸心,0.2540,False
/mnt/backups/andycw/M58/Real_all_nobg/M58-調整螺絲固定塊/20240702105225.jpg,29,M58-調整螺絲固定塊,M58-毛刷連接板,0.4401,False
/mnt/backups/andycw/M58/Real_all_nobg/M58-調整螺絲固定塊/20240702105224.jpg,29,M58-調整螺絲固定塊,M58-Fork機身-2,0.3970,False
/mnt/backups/andycw/M58/Real_all_nobg/M58-調整螺絲固定塊/20240702105222.jpg,29,M58-調整螺絲固定塊,M58-側邊導輪固定板,0.2578,False
/mnt/backups/andycw/M58/Real_all_nobg/M58-調整螺絲固定塊/20240702105221.jpg,29,M58-調整螺絲固定塊,M58-從動側走行機身,0.3590,False
/mnt/backups/andycw/M58/Real_all_nobg/M58-調整螺絲固定塊/20240702105216.jpg,29,M58-調整螺絲固定塊,M58-側邊導輪固定板,0.3291,False
/mnt/backups/andycw/M58/Real_all_nobg/M58-調整螺絲固定塊/20240702105211.jpg,29,M58-調整螺絲固定塊,M58-側邊導輪固定板,0.2146,False
/mnt/backups/andycw/M58/Real_all_nobg/M58-走行從動輪固定座/20240417141408.jpg,30,M58-走行從動輪固定座,M58-煞車電阻盤,0.4115,False
/mnt/backups/andycw/M58/Real_all_nobg/M58-走行從動輪固定座/20240417141407.jpg,30,M58-走行從動輪固定座,M58-擺臂部檢知管,0.2562,False
/mnt/backups/andycw/M58/Real_all_nobg/M58-走行從動輪固定座/20240417141423.jpg,30,M58-走行從動輪固定座,M58-調整螺絲固定塊,0.4896,False
/mnt/backups/andycw/M58/Real_all_nobg/M58-走行從動輪固定座/20240417141409.jpg,30,M58-走行從動輪固定座,M58-擺臂部軸心,0.1955,False
/mnt/backups/andycw/M58/Real_all_nobg/M58-走行從動輪固定座/20240417141316.jpg,30,M58-走行從動輪固定座,M58-側邊導輪固定板,0.3016,False
/mnt/backups/andycw/M58/Real_all_nobg/M58-走行從動輪固定座/20240417141310.jpg,30,M58-走行從動輪固定座,M58-側邊導輪固定板,0.2490,False
/mnt/backups/andycw/M58/Real_all_nobg/M58-走行從動輪固定座/20240417141256.jpg,30,M58-走行從動輪固定座,M58-電池固定架2,0.2130,False
/mnt/backups/andycw/M58/Real_all_nobg/M58-走行從動輪固定座/20240417141257.jpg,30,M58-走行從動輪固定座,M58-電池固定架2,0.1765,False
/mnt/backups/andycw/M58/Real_all_nobg/M58-走行從動輪固定座/20240417141259.jpg,30,M58-走行從動輪固定座,M58-電池固定架1,0.2789,False
/mnt/backups/andycw/M58/Real_all_nobg/M58-走行從動輪固定座/20240417141301.jpg,30,M58-走行從動輪固定座,M58-煞車電阻盤,0.1470,False
/mnt/backups/andycw/M58/Real_all_nobg/M58-走行從動輪固定座/20240417141302.jpg,30,M58-走行從動輪固定座,M58-走行從動輪固定座,0.2280,True
/mnt/backups/andycw/M58/Real_all_nobg/M58-走行從動輪固定座/20240417141309.jpg,30,M58-走行從動輪固定座,M58-側邊導輪固定板,0.3066,False
/mnt/backups/andycw/M58/Real_all_nobg/M58-走行從動輪固定座/20240417141245.jpg,30,M58-走行從動輪固定座,M58-擺臂部軸心,0.5850,False
/mnt/backups/andycw/M58/Real_all_nobg/M58-走行從動輪固定座/20240417141242.jpg,30,M58-走行從動輪固定座,M58-擺臂部軸心,0.5834,False
/mnt/backups/andycw/M58/Real_all_nobg/M58-走行從動輪固定座/20240417141317.jpg,30,M58-走行從動輪固定座,M58-側邊導輪固定板,0.3539,False
/mnt/backups/andycw/M58/Real_all_nobg/M58-走行從動輪固定座/20240417141319.jpg,30,M58-走行從動輪固定座,M58-電池固定架2,0.3630,False
/mnt/backups/andycw/M58/Real_all_nobg/M58-走行從動輪固定座/20240417141326.jpg,30,M58-走行從動輪固定座,M58-側邊導輪固定板,0.5403,False
/mnt/backups/andycw/M58/Real_all_nobg/M58-走行從動輪固定座/20240417141331.jpg,30,M58-走行從動輪固定座,M58-側邊導輪固定板,0.5488,False
/mnt/backups/andycw/M58/Real_all_nobg/M58-走行從動輪固定座/20240417141332.jpg,30,M58-走行從動輪固定座,M58-側邊導輪固定板,0.5536,False
/mnt/backups/andycw/M58/Real_all_nobg/M58-走行從動輪固定座/20240417141338.jpg,30,M58-走行從動輪固定座,M58-側邊導輪固定板,0.3217,False
/mnt/backups/andycw/M58/Real_all_nobg/M58-走行從動輪固定座/20240417141339.jpg,30,M58-走行從動輪固定座,M58-側邊導輪固定板,0.3257,False
/mnt/backups/andycw/M58/Real_all_nobg/M58-走行從動輪固定座/20240417141341.jpg,30,M58-走行從動輪固定座,M58-側邊導輪固定板,0.6164,False
/mnt/backups/andycw/M58/Real_all_nobg/M58-走行從動輪固定座/20240417141349.jpg,30,M58-走行從動輪固定座,M58-電池固定架1,0.3942,False
/mnt/backups/andycw/M58/Real_all_nobg/M58-走行從動輪固定座/20240417141358.jpg,30,M58-走行從動輪固定座,M58-側邊導輪固定板,0.3541,False
/mnt/backups/andycw/M58/Real_all_nobg/M58-走行從動輪固定座/20240417141400.jpg,30,M58-走行從動輪固定座,M58-走行從動輪固定座,0.2656,True
/mnt/backups/andycw/M58/Real_all_nobg/M58-走行從動輪固定座/20240417141406.jpg,30,M58-走行從動輪固定座,M58-擺臂部檢知管,0.2311,False
/mnt/backups/andycw/M58/Real_all_nobg/M58-走行從動輪固定座/20240417141530.jpg,30,M58-走行從動輪固定座,M58-毛刷連接板,0.5776,False
/mnt/backups/andycw/M58/Real_all_nobg/M58-走行從動輪固定座/20240417141524.jpg,30,M58-走行從動輪固定座,M58-毛刷連接板,0.5025,False
/mnt/backups/andycw/M58/Real_all_nobg/M58-走行從動輪固定座/20240417141522.jpg,30,M58-走行從動輪固定座,M58-毛刷連接板,0.6590,False
/mnt/backups/andycw/M58/Real_all_nobg/M58-走行從動輪固定座/20240417141521.jpg,30,M58-走行從動輪固定座,M58-毛刷連接板,0.5149,False
/mnt/backups/andycw/M58/Real_all_nobg/M58-走行從動輪固定座/20240417141701.jpg,30,M58-走行從動輪固定座,M58-側邊導輪固定板,0.1743,False
/mnt/backups/andycw/M58/Real_all_nobg/M58-走行從動輪固定座/20240417141700.jpg,30,M58-走行從動輪固定座,M58-擺臂部檢知管,0.1953,False
/mnt/backups/andycw/M58/Real_all_nobg/M58-走行從動輪固定座/20240417141652.jpg,30,M58-走行從動輪固定座,M58-電池固定架1,0.2488,False
/mnt/backups/andycw/M58/Real_all_nobg/M58-走行從動輪固定座/20240417141650.jpg,30,M58-走行從動輪固定座,M58-煞車電阻盤,0.2549,False
/mnt/backups/andycw/M58/Real_all_nobg/M58-走行從動輪固定座/20240417141514.jpg,30,M58-走行從動輪固定座,M58-乘載板,0.5062,False
/mnt/backups/andycw/M58/Real_all_nobg/M58-走行從動輪固定座/20240417141511.jpg,30,M58-走行從動輪固定座,M58-毛刷連接板,0.6826,False
/mnt/backups/andycw/M58/Real_all_nobg/M58-走行從動輪固定座/20240417141508.jpg,30,M58-走行從動輪固定座,M58-毛刷連接板,0.9143,False
/mnt/backups/andycw/M58/Real_all_nobg/M58-走行從動輪固定座/20240417141459.jpg,30,M58-走行從動輪固定座,M58-毛刷連接板,0.8409,False
/mnt/backups/andycw/M58/Real_all_nobg/M58-走行從動輪固定座/20240417141458.jpg,30,M58-走行從動輪固定座,M58-毛刷連接板,0.8613,False
/mnt/backups/andycw/M58/Real_all_nobg/M58-走行從動輪固定座/20240417141456.jpg,30,M58-走行從動輪固定座,M58-毛刷連接板,0.8286,False
/mnt/backups/andycw/M58/Real_all_nobg/M58-走行從動輪固定座/20240417141440.jpg,30,M58-走行從動輪固定座,M58-擺臂下擋塊,0.3464,False
/mnt/backups/andycw/M58/Real_all_nobg/M58-走行從動輪固定座/20240417141438.jpg,30,M58-走行從動輪固定座,M58-走行從動輪固定座,0.3438,True
/mnt/backups/andycw/M58/Real_all_nobg/M58-走行從動輪固定座/20240417141431.jpg,30,M58-走行從動輪固定座,M58-毛刷連接板,0.2105,False
/mnt/backups/andycw/M58/Real_all_nobg/M58-走行從動輪固定座/20240417141429.jpg,30,M58-走行從動輪固定座,M58-走行從動輪固定座,0.1319,True
/mnt/backups/andycw/M58/Real_all_nobg/M58-走行從動輪固定座/20240417141428.jpg,30,M58-走行從動輪固定座,M58-走行從動輪固定座,0.2158,True
/mnt/backups/andycw/M58/Real_all_nobg/M58-走行從動輪固定座/20240417141425.jpg,30,M58-走行從動輪固定座,M58-調整螺絲固定塊,0.2716,False
/mnt/backups/andycw/M58/Real_all_nobg/M58-走行從動輪固定座/20240417141531.jpg,30,M58-走行從動輪固定座,M58-毛刷連接板,0.3821,False
/mnt/backups/andycw/M58/Real_all_nobg/M58-走行從動輪固定座/20240417141534.jpg,30,M58-走行從動輪固定座,M58-毛刷連接板,0.3644,False
/mnt/backups/andycw/M58/Real_all_nobg/M58-走行從動輪固定座/20240417141617.jpg,30,M58-走行從動輪固定座,M58-電池固定架1,0.6065,False
/mnt/backups/andycw/M58/Real_all_nobg/M58-走行從動輪固定座/20240417141619.jpg,30,M58-走行從動輪固定座,M58-電池固定架1,0.5908,False
/mnt/backups/andycw/M58/Real_all_nobg/M58-走行從動輪固定座/20240417141620.jpg,30,M58-走行從動輪固定座,M58-電池固定架1,0.5242,False
/mnt/backups/andycw/M58/Real_all_nobg/M58-走行從動輪固定座/20240417141630.jpg,30,M58-走行從動輪固定座,M58-電池固定架1,0.7311,False
/mnt/backups/andycw/M58/Real_all_nobg/M58-走行從動輪固定座/20240417141632.jpg,30,M58-走行從動輪固定座,M58-電池固定架1,0.7950,False
/mnt/backups/andycw/M58/Real_all_nobg/M58-走行從動輪固定座/20240417141633.jpg,30,M58-走行從動輪固定座,M58-電池固定架1,0.7586,False
/mnt/backups/andycw/M58/Real_all_nobg/M58-走行從動輪固定座/20240417141635.jpg,30,M58-走行從動輪固定座,M58-電池固定架1,0.6901,False
/mnt/backups/andycw/M58/Real_all_nobg/M58-走行從動輪固定座/20240417141636.jpg,30,M58-走行從動輪固定座,M58-電池固定架1,0.6504,False
/mnt/backups/andycw/M58/Real_all_nobg/M58-走行從動輪固定座/20240417141647.jpg,30,M58-走行從動輪固定座,M58-走行從動輪固定座,0.3780,True
/mnt/backups/andycw/M58/Real_all_nobg/M58-走行從動輪固定座/20240417141648.jpg,30,M58-走行從動輪固定座,M58-走行從動輪固定座,0.3028,True
/mnt/backups/andycw/M58/Real_all_nobg/M58-走行從動輪固定座/20240417141703.jpg,30,M58-走行從動輪固定座,M58-側邊導輪固定板,0.5281,False
/mnt/backups/andycw/M58/Real_all_nobg/M58-走行從動輪固定座/20240417141709.jpg,30,M58-走行從動輪固定座,M58-側邊導輪固定座擋塊,0.6324,False
/mnt/backups/andycw/M58/Real_all_nobg/M58-走行從動輪固定座/20240417141712.jpg,30,M58-走行從動輪固定座,M58-側邊導輪固定座擋塊,0.6678,False
/mnt/backups/andycw/M58/Real_all_nobg/M58-走行從動輪固定座/20240417141726.jpg,30,M58-走行從動輪固定座,M58-走行從動輪固定座,0.3850,True
/mnt/backups/andycw/M58/Real_all_nobg/M58-走行從動輪固定座/20240417141740.jpg,30,M58-走行從動輪固定座,M58-走行從動輪固定座,0.2421,True
/mnt/backups/andycw/M58/Real_all_nobg/M58-走行從動輪固定座/20240417141739.jpg,30,M58-走行從動輪固定座,M58-側邊導輪固定板,0.1578,False
/mnt/backups/andycw/M58/Real_all_nobg/M58-走行從動輪固定座/20240417141732.jpg,30,M58-走行從動輪固定座,M58-走行從動輪固定座,0.4068,True
/mnt/backups/andycw/M58/Real_all_nobg/M58-走行從動輪固定座/20240417141727.jpg,30,M58-走行從動輪固定座,M58-走行從動輪固定座,0.3557,True
/mnt/backups/andycw/M58/Real_all_nobg/M58-走行馬達固定座/20240717150501.jpg,31,M58-走行馬達固定座,M58-走行馬達固定座,0.9359,True
/mnt/backups/andycw/M58/Real_all_nobg/M58-走行馬達固定座/20240717150504.jpg,31,M58-走行馬達固定座,M58-走行馬達固定座,0.9626,True
/mnt/backups/andycw/M58/Real_all_nobg/M58-走行馬達固定座/20240516105641.jpg,31,M58-走行馬達固定座,M58-擺臂部馬達固定座,0.8642,False
/mnt/backups/andycw/M58/Real_all_nobg/M58-走行馬達固定座/20240516105645.jpg,31,M58-走行馬達固定座,M58-走行馬達固定座,0.9947,True
/mnt/backups/andycw/M58/Real_all_nobg/M58-走行馬達固定座/20240717150446.jpg,31,M58-走行馬達固定座,M58-走行馬達固定座,0.6355,True
/mnt/backups/andycw/M58/Real_all_nobg/M58-走行馬達固定座/20240717150454.jpg,31,M58-走行馬達固定座,M58-走行馬達固定座,0.6743,True
/mnt/backups/andycw/M58/Real_all_nobg/M58-走行馬達固定座/20240717150455.jpg,31,M58-走行馬達固定座,M58-走行馬達固定座,0.6768,True
/mnt/backups/andycw/M58/Real_all_nobg/M58-走行馬達固定座/20240717150457.jpg,31,M58-走行馬達固定座,M58-擺臂部馬達固定座,0.4733,False
/mnt/backups/andycw/M58/Real_all_nobg/M58-走行馬達固定座/20240516105741.jpg,31,M58-走行馬達固定座,M58-走行馬達固定座,0.9189,True
/mnt/backups/andycw/M58/Real_all_nobg/M58-走行馬達固定座/20240516105744.jpg,31,M58-走行馬達固定座,M58-走行馬達固定座,0.5151,True
/mnt/backups/andycw/M58/Real_all_nobg/M58-走行馬達固定座/20240516105738.jpg,31,M58-走行馬達固定座,M58-走行馬達固定座,0.9248,True
/mnt/backups/andycw/M58/Real_all_nobg/M58-走行馬達固定座/20240516105730.jpg,31,M58-走行馬達固定座,M58-走行馬達固定座,0.9435,True
/mnt/backups/andycw/M58/Real_all_nobg/M58-走行馬達固定座/20240516105723.jpg,31,M58-走行馬達固定座,M58-走行馬達固定座,0.9405,True
/mnt/backups/andycw/M58/Real_all_nobg/M58-走行馬達固定座/20240516105726.jpg,31,M58-走行馬達固定座,M58-走行馬達固定座,0.5082,True
/mnt/backups/andycw/M58/Real_all_nobg/M58-走行馬達固定座/20240516105715.jpg,31,M58-走行馬達固定座,M58-走行馬達固定座,0.9322,True
/mnt/backups/andycw/M58/Real_all_nobg/M58-走行馬達固定座/20240516105716.jpg,31,M58-走行馬達固定座,M58-走行馬達固定座,0.9122,True
/mnt/backups/andycw/M58/Real_all_nobg/M58-走行馬達固定座/20240717150512.jpg,31,M58-走行馬達固定座,M58-毛刷連接板,0.7399,False
/mnt/backups/andycw/M58/Real_all_nobg/M58-走行馬達固定座/20240717150507.jpg,31,M58-走行馬達固定座,M58-走行馬達固定座,0.7998,True
/mnt/backups/andycw/M58/Real_all_nobg/M58-走行馬達固定座/20240717150517.jpg,31,M58-走行馬達固定座,M58-走行馬達固定座,0.9566,True
/mnt/backups/andycw/M58/Real_all_nobg/M58-走行馬達固定座/20240717150513.jpg,31,M58-走行馬達固定座,M58-毛刷連接板,0.3568,False
/mnt/backups/andycw/M58/Real_all_nobg/M58-走行馬達固定座/20240717150443.jpg,31,M58-走行馬達固定座,M58-走行馬達固定座,0.9866,True
/mnt/backups/andycw/M58/Real_all_nobg/M58-走行馬達固定座/20240717150442.jpg,31,M58-走行馬達固定座,M58-走行馬達固定座,0.9951,True
/mnt/backups/andycw/M58/Real_all_nobg/M58-走行馬達固定座/20240516105702.jpg,31,M58-走行馬達固定座,M58-擺臂部馬達固定座,0.8503,False
/mnt/backups/andycw/M58/Real_all_nobg/M58-走行馬達固定座/20240516105705.jpg,31,M58-走行馬達固定座,M58-走行馬達固定座,0.5441,True
/mnt/backups/andycw/M58/Real_all_nobg/M58-走行馬達固定座/20240516105647.jpg,31,M58-走行馬達固定座,M58-走行馬達固定座,0.9587,True
/mnt/backups/andycw/M58/Real_all_nobg/M58-走行馬達固定座/20240516105651.jpg,31,M58-走行馬達固定座,M58-走行馬達固定座,0.9068,True
/mnt/backups/andycw/M58/Real_all_nobg/M58-走行馬達固定座/20240516105706.jpg,31,M58-走行馬達固定座,M58-走行馬達固定座,0.6400,True
/mnt/backups/andycw/M58/Real_all_nobg/M58-走行馬達固定座/20240516105710.jpg,31,M58-走行馬達固定座,M58-走行馬達固定座,0.7758,True
/mnt/backups/andycw/M58/Real_all_nobg/M58-走行馬達套管/20240516112456.jpg,32,M58-走行馬達套管,M58-走行馬達套管,0.8448,True
/mnt/backups/andycw/M58/Real_all_nobg/M58-走行馬達套管/20240516112451.jpg,32,M58-走行馬達套管,M58-走行馬達套管,0.5499,True
/mnt/backups/andycw/M58/Real_all_nobg/M58-走行馬達套管/20240516112457.jpg,32,M58-走行馬達套管,M58-走行馬達套管,0.9248,True
/mnt/backups/andycw/M58/Real_all_nobg/M58-走行馬達套管/20240516112502.jpg,32,M58-走行馬達套管,M58-走行馬達套管,0.6449,True
/mnt/backups/andycw/M58/Real_all_nobg/M58-走行馬達套管/20240516112429.jpg,32,M58-走行馬達套管,M58-走行馬達套管,0.5190,True
/mnt/backups/andycw/M58/Real_all_nobg/M58-走行馬達套管/20240516112433.jpg,32,M58-走行馬達套管,M58-走行馬達套管,0.9478,True
/mnt/backups/andycw/M58/Real_all_nobg/M58-走行馬達套管/20240717145946.jpg,32,M58-走行馬達套管,M58-乘載板導條,0.8466,False
/mnt/backups/andycw/M58/Real_all_nobg/M58-走行馬達套管/20240717145942.jpg,32,M58-走行馬達套管,M58-走行馬達套管,0.8848,True
/mnt/backups/andycw/M58/Real_all_nobg/M58-走行馬達套管/20240516112511.jpg,32,M58-走行馬達套管,M58-乘載板導條,0.3498,False
/mnt/backups/andycw/M58/Real_all_nobg/M58-走行馬達套管/20240516112512.jpg,32,M58-走行馬達套管,M58-走行馬達套管,0.4477,True
/mnt/backups/andycw/M58/Real_all_nobg/M58-走行馬達套管/20240717145957.jpg,32,M58-走行馬達套管,M58-電池固定架2,0.7644,False
/mnt/backups/andycw/M58/Real_all_nobg/M58-走行馬達套管/20240717145954.jpg,32,M58-走行馬達套管,M58-乘載板導條,0.7885,False
/mnt/backups/andycw/M58/Real_all_nobg/M58-走行馬達套管/20240717145950.jpg,32,M58-走行馬達套管,M58-乘載板導條,0.3170,False
/mnt/backups/andycw/M58/Real_all_nobg/M58-走行馬達套管/20240717145951.jpg,32,M58-走行馬達套管,M58-乘載板導條,0.6021,False
/mnt/backups/andycw/M58/Real_all_nobg/M58-走行馬達套管/20240516112503.jpg,32,M58-走行馬達套管,M58-走行馬達套管,0.9105,True
/mnt/backups/andycw/M58/Real_all_nobg/M58-走行馬達套管/20240516112508.jpg,32,M58-走行馬達套管,M58-走行馬達套管,0.4471,True
/mnt/backups/andycw/M58/Real_all_nobg/M58-走行馬達套管/20240516112434.jpg,32,M58-走行馬達套管,M58-走行馬達套管,0.9270,True
/mnt/backups/andycw/M58/Real_all_nobg/M58-走行馬達套管/20240516112438.jpg,32,M58-走行馬達套管,M58-走行馬達套管,0.8359,True
/mnt/backups/andycw/M58/Real_all_nobg/M58-走行馬達套管/20240516112446.jpg,32,M58-走行馬達套管,M58-乘載板,0.5460,False
/mnt/backups/andycw/M58/Real_all_nobg/M58-走行馬達套管/20240516112443.jpg,32,M58-走行馬達套管,M58-走行馬達套管,0.6432,True
/mnt/backups/andycw/M58/Real_all_nobg/M58-走行馬達套管/20240516112450.jpg,32,M58-走行馬達套管,M58-走行馬達套管,0.5357,True
/mnt/backups/andycw/M58/Real_all_nobg/M58-走行馬達套管/20240516112447.jpg,32,M58-走行馬達套管,M58-乘載板導條,0.4896,False
/mnt/backups/andycw/M58/Real_all_nobg/M58-車身連接補強鋁擠型/20240417142522.jpg,33,M58-車身連接補強鋁擠型,M58-車身連接補強鋁擠型,0.9796,True
/mnt/backups/andycw/M58/Real_all_nobg/M58-車身連接補強鋁擠型/20240417142519.jpg,33,M58-車身連接補強鋁擠型,M58-從動側走行機身,0.5292,False
/mnt/backups/andycw/M58/Real_all_nobg/M58-車身連接補強鋁擠型/20240417142341.jpg,33,M58-車身連接補強鋁擠型,M58-加熱器固定板,0.2076,False
/mnt/backups/andycw/M58/Real_all_nobg/M58-車身連接補強鋁擠型/20240417142408.jpg,33,M58-車身連接補強鋁擠型,M58-車身連接補強鋁擠型,0.2069,True
/mnt/backups/andycw/M58/Real_all_nobg/M58-車身連接補強鋁擠型/20240417142150.jpg,33,M58-車身連接補強鋁擠型,M58-從動側FORK機身,0.6396,False
/mnt/backups/andycw/M58/Real_all_nobg/M58-車身連接補強鋁擠型/20240417142148.jpg,33,M58-車身連接補強鋁擠型,M58-從動側FORK機身,0.5661,False
/mnt/backups/andycw/M58/Real_all_nobg/M58-車身連接補強鋁擠型/20240417142330.jpg,33,M58-車身連接補強鋁擠型,M58-擺臂下擋塊,0.2457,False
/mnt/backups/andycw/M58/Real_all_nobg/M58-車身連接補強鋁擠型/20240417142332.jpg,33,M58-車身連接補強鋁擠型,M58-毛刷,0.2396,False
/mnt/backups/andycw/M58/Real_all_nobg/M58-車身連接補強鋁擠型/20240417142503.jpg,33,M58-車身連接補強鋁擠型,M58-車身連接補強鋁擠型,0.8461,True
/mnt/backups/andycw/M58/Real_all_nobg/M58-車身連接補強鋁擠型/20240417142500.jpg,33,M58-車身連接補強鋁擠型,M58-車身連接補強鋁擠型,0.6421,True
/mnt/backups/andycw/M58/Real_all_nobg/M58-車身連接補強鋁擠型/20240417142154.jpg,33,M58-車身連接補強鋁擠型,M58-從動側FORK機身,0.7812,False
/mnt/backups/andycw/M58/Real_all_nobg/M58-車身連接補強鋁擠型/20240417142151.jpg,33,M58-車身連接補強鋁擠型,M58-從動側FORK機身,0.5104,False
/mnt/backups/andycw/M58/Real_all_nobg/M58-車身連接補強鋁擠型/20240417142206.jpg,33,M58-車身連接補強鋁擠型,M58-擺臂下擋塊,0.1570,False
/mnt/backups/andycw/M58/Real_all_nobg/M58-車身連接補強鋁擠型/20240417142203.jpg,33,M58-車身連接補強鋁擠型,M58-拖鏈封蓋,0.1957,False
/mnt/backups/andycw/M58/Real_all_nobg/M58-車身連接補強鋁擠型/20240417142444.jpg,33,M58-車身連接補強鋁擠型,M58-從動側走行機身,0.5305,False
/mnt/backups/andycw/M58/Real_all_nobg/M58-車身連接補強鋁擠型/20240417142446.jpg,33,M58-車身連接補強鋁擠型,M58-煞車電阻盤,0.2592,False
/mnt/backups/andycw/M58/Real_all_nobg/M58-車身連接補強鋁擠型/20240417142614.jpg,33,M58-車身連接補強鋁擠型,M58-車身連接補強鋁擠型,0.8860,True
/mnt/backups/andycw/M58/Real_all_nobg/M58-車身連接補強鋁擠型/20240417142640.jpg,33,M58-車身連接補強鋁擠型,M58-Fork機身-2,0.6554,False
/mnt/backups/andycw/M58/Real_all_nobg/M58-車身連接補強鋁擠型/20240417142428.jpg,33,M58-車身連接補強鋁擠型,M58-從動側走行機身,0.3941,False
/mnt/backups/andycw/M58/Real_all_nobg/M58-車身連接補強鋁擠型/20240417142433.jpg,33,M58-車身連接補強鋁擠型,M58-毛刷,0.4019,False
/mnt/backups/andycw/M58/Real_all_nobg/M58-車身連接補強鋁擠型/20240417142443.jpg,33,M58-車身連接補強鋁擠型,M58-車身連接補強鋁擠型,0.6545,True
/mnt/backups/andycw/M58/Real_all_nobg/M58-車身連接補強鋁擠型/20240417142436.jpg,33,M58-車身連接補強鋁擠型,M58-拖鏈封蓋,0.2824,False
/mnt/backups/andycw/M58/Real_all_nobg/M58-車身連接補強鋁擠型/20240417142641.jpg,33,M58-車身連接補強鋁擠型,M58-Fork機身-2,0.8239,False
/mnt/backups/andycw/M58/Real_all_nobg/M58-車身連接補強鋁擠型/20240417142643.jpg,33,M58-車身連接補強鋁擠型,M58-Fork機身-2,0.8968,False
/mnt/backups/andycw/M58/Real_all_nobg/M58-車身連接補強鋁擠型/20240417142320.jpg,33,M58-車身連接補強鋁擠型,M58-毛刷,0.2725,False
/mnt/backups/andycw/M58/Real_all_nobg/M58-車身連接補強鋁擠型/20240417142323.jpg,33,M58-車身連接補強鋁擠型,M58-煞車電阻盤,0.2586,False
/mnt/backups/andycw/M58/Real_all_nobg/M58-車身連接補強鋁擠型/20240417142425.jpg,33,M58-車身連接補強鋁擠型,M58-從動側FORK機身,0.4232,False
/mnt/backups/andycw/M58/Real_all_nobg/M58-車身連接補強鋁擠型/20240417142426.jpg,33,M58-車身連接補強鋁擠型,M58-從動側走行機身,0.3283,False
/mnt/backups/andycw/M58/Real_all_nobg/M58-車身連接補強鋁擠型/20240417142409.jpg,33,M58-車身連接補強鋁擠型,M58-煞車電阻盤,0.1773,False
/mnt/backups/andycw/M58/Real_all_nobg/M58-車身連接補強鋁擠型/20240417142411.jpg,33,M58-車身連接補強鋁擠型,M58-加熱器固定板,0.3047,False
/mnt/backups/andycw/M58/Real_all_nobg/M58-車身連接補強鋁擠型/20240417142300.jpg,33,M58-車身連接補強鋁擠型,M58-Fork機身-2,0.6381,False
/mnt/backups/andycw/M58/Real_all_nobg/M58-車身連接補強鋁擠型/20240417142302.jpg,33,M58-車身連接補強鋁擠型,M58-Fork機身-2,0.4480,False
/mnt/backups/andycw/M58/Real_all_nobg/M58-車身連接補強鋁擠型/20240417142257.jpg,33,M58-車身連接補強鋁擠型,M58-煞車電阻盤,0.4991,False
/mnt/backups/andycw/M58/Real_all_nobg/M58-車身連接補強鋁擠型/20240417142259.jpg,33,M58-車身連接補強鋁擠型,M58-Fork機身-2,0.4552,False
/mnt/backups/andycw/M58/Real_all_nobg/M58-車身連接補強鋁擠型/20240417142230.jpg,33,M58-車身連接補強鋁擠型,M58-煞車電阻盤,0.7288,False
/mnt/backups/andycw/M58/Real_all_nobg/M58-車身連接補強鋁擠型/20240417142232.jpg,33,M58-車身連接補強鋁擠型,M58-煞車電阻盤,0.8119,False
/mnt/backups/andycw/M58/Real_all_nobg/M58-車身連接補強鋁擠型/20240417142528.jpg,33,M58-車身連接補強鋁擠型,M58-車身連接補強鋁擠型,0.9841,True
/mnt/backups/andycw/M58/Real_all_nobg/M58-車身連接補強鋁擠型/20240417142527.jpg,33,M58-車身連接補強鋁擠型,M58-車身連接補強鋁擠型,0.9869,True
/mnt/backups/andycw/M58/Real_all_nobg/M58-車身連接補強鋁擠型/20240417142216.jpg,33,M58-車身連接補強鋁擠型,M58-從動側走行機身,0.6514,False
/mnt/backups/andycw/M58/Real_all_nobg/M58-車身連接補強鋁擠型/20240417142213.jpg,33,M58-車身連接補強鋁擠型,M58-煞車電阻盤,0.4101,False
/mnt/backups/andycw/M58/Real_all_nobg/M58-車身連接補強鋁擠型/20240417142333.jpg,33,M58-車身連接補強鋁擠型,M58-擺臂下擋塊,0.4109,False
/mnt/backups/andycw/M58/Real_all_nobg/M58-車身連接補強鋁擠型/20240417142338.jpg,33,M58-車身連接補強鋁擠型,M58-加熱器固定板,0.3122,False
/mnt/backups/andycw/M58/Real_all_nobg/M58-電池固定架1/20240717152339.jpg,34,M58-電池固定架1,M58-電池固定架1,0.9101,True
/mnt/backups/andycw/M58/Real_all_nobg/M58-電池固定架1/20240717152335.jpg,34,M58-電池固定架1,M58-電池固定架1,0.9061,True
/mnt/backups/andycw/M58/Real_all_nobg/M58-電池固定架1/20240717152330.jpg,34,M58-電池固定架1,M58-電池固定架1,0.9624,True
/mnt/backups/andycw/M58/Real_all_nobg/M58-電池固定架1/20240717152327.jpg,34,M58-電池固定架1,M58-電池固定架1,0.9598,True
/mnt/backups/andycw/M58/Real_all_nobg/M58-電池固定架1/20240516114610.jpg,34,M58-電池固定架1,M58-電池固定架1,0.9685,True
/mnt/backups/andycw/M58/Real_all_nobg/M58-電池固定架1/20240516114615.jpg,34,M58-電池固定架1,M58-電池固定架1,0.7459,True
/mnt/backups/andycw/M58/Real_all_nobg/M58-電池固定架1/20240516114620.jpg,34,M58-電池固定架1,M58-煞車電阻盤,0.8599,False
/mnt/backups/andycw/M58/Real_all_nobg/M58-電池固定架1/20240516114627.jpg,34,M58-電池固定架1,M58-FORK定位固定片,0.4518,False
/mnt/backups/andycw/M58/Real_all_nobg/M58-電池固定架1/20240717152343.jpg,34,M58-電池固定架1,M58-電池固定架1,0.7545,True
/mnt/backups/andycw/M58/Real_all_nobg/M58-電池固定架1/20240717152354.jpg,34,M58-電池固定架1,M58-Fork馬達固定板,0.7029,False
/mnt/backups/andycw/M58/Real_all_nobg/M58-電池固定架1/20240516114558.jpg,34,M58-電池固定架1,M58-電池固定架1,0.9767,True
/mnt/backups/andycw/M58/Real_all_nobg/M58-電池固定架1/20240516114604.jpg,34,M58-電池固定架1,M58-電池固定架1,0.9630,True
/mnt/backups/andycw/M58/Real_all_nobg/M58-電池固定架1/20240516114703.jpg,34,M58-電池固定架1,M58-電池固定架1,0.9655,True
/mnt/backups/andycw/M58/Real_all_nobg/M58-電池固定架1/20240516114705.jpg,34,M58-電池固定架1,M58-電池固定架1,0.9714,True
/mnt/backups/andycw/M58/Real_all_nobg/M58-電池固定架1/20240516114642.jpg,34,M58-電池固定架1,M58-電池固定架1,0.8396,True
/mnt/backups/andycw/M58/Real_all_nobg/M58-電池固定架1/20240516114636.jpg,34,M58-電池固定架1,M58-煞車電阻盤,0.4485,False
/mnt/backups/andycw/M58/Real_all_nobg/M58-電池固定架1/20240516114648.jpg,34,M58-電池固定架1,M58-電池固定架1,0.7255,True
/mnt/backups/andycw/M58/Real_all_nobg/M58-電池固定架1/20240516114647.jpg,34,M58-電池固定架1,M58-電池固定架1,0.7377,True
/mnt/backups/andycw/M58/Real_all_nobg/M58-電池固定架1/20240516114653.jpg,34,M58-電池固定架1,M58-煞車電阻盤,0.9908,False
/mnt/backups/andycw/M58/Real_all_nobg/M58-電池固定架1/20240516114652.jpg,34,M58-電池固定架1,M58-煞車電阻盤,0.9988,False
/mnt/backups/andycw/M58/Real_all_nobg/M58-電池固定架1/20240516114706.jpg,34,M58-電池固定架1,M58-電池固定架1,0.9734,True
/mnt/backups/andycw/M58/Real_all_nobg/M58-電池固定架1/20240516114716.jpg,34,M58-電池固定架1,M58-電池固定架1,0.9493,True
/mnt/backups/andycw/M58/Real_all_nobg/M58-電池固定架1/20240516114719.jpg,34,M58-電池固定架1,M58-電池固定架1,0.9566,True
/mnt/backups/andycw/M58/Real_all_nobg/M58-電池固定架1/20240516114718.jpg,34,M58-電池固定架1,M58-電池固定架1,0.9637,True
/mnt/backups/andycw/M58/Real_all_nobg/M58-電池固定架1/20240717152313.jpg,34,M58-電池固定架1,M58-電池固定架1,0.8804,True
/mnt/backups/andycw/M58/Real_all_nobg/M58-電池固定架1/20240717152316.jpg,34,M58-電池固定架1,M58-電池固定架1,0.9432,True
/mnt/backups/andycw/M58/Real_all_nobg/M58-電池固定架1/20240717152322.jpg,34,M58-電池固定架1,M58-電池固定架1,0.9681,True
/mnt/backups/andycw/M58/Real_all_nobg/M58-電池固定架1/20240717152317.jpg,34,M58-電池固定架1,M58-電池固定架1,0.9706,True
/mnt/backups/andycw/M58/Real_all_nobg/M58-電池固定架2/20240717150821.jpg,35,M58-電池固定架2,M58-電池固定架2,0.9657,True
/mnt/backups/andycw/M58/Real_all_nobg/M58-電池固定架2/20240717150822.jpg,35,M58-電池固定架2,M58-電池固定架2,0.9675,True
/mnt/backups/andycw/M58/Real_all_nobg/M58-電池固定架2/20240717150824.jpg,35,M58-電池固定架2,M58-電池固定架2,0.9888,True
/mnt/backups/andycw/M58/Real_all_nobg/M58-電池固定架2/20240717150831.jpg,35,M58-電池固定架2,M58-電池固定架2,0.9738,True
/mnt/backups/andycw/M58/Real_all_nobg/M58-電池固定架2/20240516114329.jpg,35,M58-電池固定架2,M58-電池固定架2,0.9847,True
/mnt/backups/andycw/M58/Real_all_nobg/M58-電池固定架2/20240516114330.jpg,35,M58-電池固定架2,M58-電池固定架2,0.9892,True
/mnt/backups/andycw/M58/Real_all_nobg/M58-電池固定架2/20240717150757.jpg,35,M58-電池固定架2,M58-電池固定架2,0.4063,True
/mnt/backups/andycw/M58/Real_all_nobg/M58-電池固定架2/20240717150807.jpg,35,M58-電池固定架2,M58-電池固定架2,0.9497,True
/mnt/backups/andycw/M58/Real_all_nobg/M58-電池固定架2/20240516114323.jpg,35,M58-電池固定架2,M58-電池固定架2,0.9938,True
/mnt/backups/andycw/M58/Real_all_nobg/M58-電池固定架2/20240516114322.jpg,35,M58-電池固定架2,M58-電池固定架2,0.9953,True
/mnt/backups/andycw/M58/Real_all_nobg/M58-電池固定架2/20240516114306.jpg,35,M58-電池固定架2,M58-乘載板導條,0.4768,False
/mnt/backups/andycw/M58/Real_all_nobg/M58-電池固定架2/20240516114259.jpg,35,M58-電池固定架2,M58-電池固定架2,0.9919,True
/mnt/backups/andycw/M58/Real_all_nobg/M58-電池固定架2/20240516114239.jpg,35,M58-電池固定架2,M58-乘載板導條,0.5417,False
/mnt/backups/andycw/M58/Real_all_nobg/M58-電池固定架2/20240516114235.jpg,35,M58-電池固定架2,M58-Fork機身-2,0.3826,False
/mnt/backups/andycw/M58/Real_all_nobg/M58-電池固定架2/20240516114251.jpg,35,M58-電池固定架2,M58-電池固定架2,0.9616,True
/mnt/backups/andycw/M58/Real_all_nobg/M58-電池固定架2/20240516114245.jpg,35,M58-電池固定架2,M58-Fork機身-2,0.7733,False
/mnt/backups/andycw/M58/Real_all_nobg/M58-電池固定架2/20240516114317.jpg,35,M58-電池固定架2,M58-電池固定架2,0.8924,True
/mnt/backups/andycw/M58/Real_all_nobg/M58-電池固定架2/20240516114311.jpg,35,M58-電池固定架2,M58-乘載板導條,0.9581,False
/mnt/backups/andycw/M58/Real_all_nobg/M58-電池固定架2/20240717150817.jpg,35,M58-電池固定架2,M58-電池固定架2,0.9873,True
/mnt/backups/andycw/M58/Real_all_nobg/M58-電池固定架2/20240717150814.jpg,35,M58-電池固定架2,M58-電池固定架2,0.9581,True
/mnt/backups/andycw/M58/Real_all_nobg/M58-驅動側外殼/models-48_1721196127881_9659d40f-e1b1-4428-9e23-95d07de7b7b5.jpg,36,M58-驅動側外殼,M58-從動側FORK機身,0.2982,False
/mnt/backups/andycw/M58/Real_all_nobg/M58-驅動側外殼/models-48_1721196128215_2d4a75e5-63e4-404f-a962-1fde7b9aa15d.jpg,36,M58-驅動側外殼,M58-煞車電阻盤,0.2548,False
/mnt/backups/andycw/M58/Real_all_nobg/M58-驅動側外殼/models-48_1721196144949_1d03eb0b-e091-410a-9d00-c53f6824c685.jpg,36,M58-驅動側外殼,M58-驅動側外殼,0.6207,True
/mnt/backups/andycw/M58/Real_all_nobg/M58-驅動側外殼/models-48_1721196145276_a8dec96b-adc7-491b-9ea2-c40f0cd6b35e.jpg,36,M58-驅動側外殼,M58-驅動側外殼,0.7602,True
/mnt/backups/andycw/M58/Real_all_nobg/M58-驅動側外殼/models-48_1721196179306_f3d55233-a238-41e4-a9e1-b207af8ef6ea.jpg,36,M58-驅動側外殼,M58-煞車電阻盤,0.9338,False
/mnt/backups/andycw/M58/Real_all_nobg/M58-驅動側外殼/models-48_1721196178944_7bafe9d2-f909-4a47-bc96-fb0675834ea8.jpg,36,M58-驅動側外殼,M58-煞車電阻盤,0.8440,False
/mnt/backups/andycw/M58/Real_all_nobg/M58-驅動側外殼/models-48_1721196160548_4b6da5fd-8feb-4083-bfe3-b8f857b645d3.jpg,36,M58-驅動側外殼,M58-驅動側外殼,0.4860,True
/mnt/backups/andycw/M58/Real_all_nobg/M58-驅動側外殼/models-48_1721196160326_e7121737-42bc-4aee-be3b-0f6d6b506a2c.jpg,36,M58-驅動側外殼,M58-驅動側外殼,0.8752,True
/mnt/backups/andycw/M58/Real_all_nobg/M58-驅動側外殼/20240417100535.jpg,36,M58-驅動側外殼,M58-煞車電阻盤,0.9938,False
/mnt/backups/andycw/M58/Real_all_nobg/M58-驅動側外殼/20240417100536.jpg,36,M58-驅動側外殼,M58-煞車電阻盤,0.9967,False
/mnt/backups/andycw/M58/Real_all_nobg/M58-驅動側外殼/20240417100652.jpg,36,M58-驅動側外殼,M58-FORK定位固定片,0.6089,False
/mnt/backups/andycw/M58/Real_all_nobg/M58-驅動側外殼/20240417100702.jpg,36,M58-驅動側外殼,M58-FORK定位固定片,0.3553,False
/mnt/backups/andycw/M58/Real_all_nobg/M58-驅動側外殼/20240417100857.jpg,36,M58-驅動側外殼,M58-FORK定位檢知片,0.3502,False
/mnt/backups/andycw/M58/Real_all_nobg/M58-驅動側外殼/20240417100903.jpg,36,M58-驅動側外殼,M58-從動側FORK機身,0.4975,False
/mnt/backups/andycw/M58/Real_all_nobg/M58-驅動側外殼/models-48_1721196114630_69ecb2a7-0bc0-4998-8209-e6f5b4c5a37b.jpg,36,M58-驅動側外殼,M58-加熱器固定板,0.1902,False
/mnt/backups/andycw/M58/Real_all_nobg/M58-驅動側外殼/models-48_1721196114953_3b9c3fc4-afac-4000-8a93-6e9e2b0c06e4.jpg,36,M58-驅動側外殼,M58-走行從動輪固定座,0.1729,False
/mnt/backups/andycw/M58/Real_all_nobg/M58-驅動側外殼/20240417101405.jpg,36,M58-驅動側外殼,M58-驅動側外殼,0.9085,True
/mnt/backups/andycw/M58/Real_all_nobg/M58-驅動側外殼/20240417101404.jpg,36,M58-驅動側外殼,M58-驅動側外殼,0.9338,True
/mnt/backups/andycw/M58/Real_all_nobg/M58-驅動側外殼/20240417101039.jpg,36,M58-驅動側外殼,M58-驅動側外殼,0.4325,True
/mnt/backups/andycw/M58/Real_all_nobg/M58-驅動側外殼/20240417101030.jpg,36,M58-驅動側外殼,M58-從動側FORK機身,0.4111,False
/mnt/backups/andycw/M58/Real_all_nobg/M58-驅動側外殼/models-48_1721196091313_92d1809b-14f4-481f-81f0-d71eb5079e5e.jpg,36,M58-驅動側外殼,M58-煞車電阻盤,0.9377,False
/mnt/backups/andycw/M58/Real_all_nobg/M58-驅動側外殼/models-48_1721196091654_9c41b384-6628-41f9-ad67-f874f6beea80.jpg,36,M58-驅動側外殼,M58-煞車電阻盤,0.8086,False
/mnt/backups/andycw/M58/Real_all_nobg/M58-驅動側外殼/models-48_1721196223852_1d8cf19e-2d7b-4988-a09d-d556fb97b94f.jpg,36,M58-驅動側外殼,M58-煞車電阻盤,0.6765,False
/mnt/backups/andycw/M58/Real_all_nobg/M58-驅動側外殼/models-48_1721196224230_40de80e7-5931-4cc4-908a-819746a80e50.jpg,36,M58-驅動側外殼,M58-驅動側外殼,0.5560,True
/mnt/backups/andycw/M58/Real_all_nobg/M58-驅動側外殼/models-48_1721196235904_0bfbaf10-90a9-4f27-be51-9517635ab3f6.jpg,36,M58-驅動側外殼,M58-驅動側外殼,0.4076,True
/mnt/backups/andycw/M58/Real_all_nobg/M58-驅動側外殼/models-48_1721196236233_c3dae8e2-646a-4818-9664-ee85db50f259.jpg,36,M58-驅動側外殼,M58-驅動側外殼,0.6792,True
/mnt/backups/andycw/M58/Real_all_nobg/M58-驅動側外殼/models-48_1721196249659_f6926384-65ac-4727-9e57-ceb9ce8c9ac6.jpg,36,M58-驅動側外殼,M58-驅動側外殼,0.3957,True
/mnt/backups/andycw/M58/Real_all_nobg/M58-驅動側外殼/models-48_1721196250000_b4aaafb4-a90a-499b-9d35-9900e1a7c09b.jpg,36,M58-驅動側外殼,M58-側邊導輪固定板,0.5875,False
